"서비스 id","시설코드","시군구 코드","시군구명","읍면동 코드","읍면동명","관리기관","전화번호","경도","위도","세부위치","운영시간","운영요일","안심귀갓길 id","안심귀갓길 명","비고","데이터 기준일자","이미지명"
"1111017400_06_S01","402","1111000000","서울특별시 종로구","1111016400","종로6가","혜화경찰서","02-762-4400","127.00759","37.573204","서울특별시 종로구 율곡로 271","0000_2400","501","1111017400_06","혜화안심06","CU종로공원점","20221118","1111017400_06_S01_402.jpeg"
"1111017400_06_S02","402","1111000000","서울특별시 종로구","1111016400","종로6가","혜화경찰서","02-762-4400","127.00497","37.572605","서울특별시 종로구 종로39길 40","0000_2400","501","1111017400_06","혜화안심06","미니스톱종로효제점","20221118","1111017400_06_S02_402.jpeg"
"1111017400_06_S03","402","1111000000","서울특별시 종로구","1111016400","종로6가","혜화경찰서","02-762-4400","127.00654","37.571434","서울특별시 종로구 종로41길 3","0000_2400","501","1111017400_06","혜화안심06","미니스톱종로6가점","20221118","1111017400_06_S03_402.jpeg"
"1114016500_08_S01","402","1114000000","서울특별시 중구","1114016500","황학동","중부(광희)지구대","02-2233-1444","127.0198","37.56845","서울특별시 중구 황학동 마장로 89","0000_2400","501","1114016500_08","중부안심08","세븐일레븐 중구황학동점","20221118","1114016500_08_S01_402.jpeg"
"1114016200_05_S01","402","1114000000","서울특별시 중구","1114016200","신당동","중부(약수)지구대","02-2234-8112","127.01285","37.55924","서울특별시 중구 다산로 175(신당동)","0000_2400","501","1114016200_05","중부안심05","cu청구대로점","20221118","1114016200_05_S01_402.jpeg"
"1114016200_05_S02","402","1114000000","서울특별시 중구","1114016200","신당동","중부(약수)지구대","02-2234-8112","127.01797","37.558163","서울특별시 중구 청구로1길 23 삼성@ 2동B 101호","0000_2400","501","1114016200_05","중부안심05","GS25신당삼성","20221118","1114016200_05_S02_402.jpeg"
"1114014400_02_S01","401","1114000000","서울특별시 중구","1114014400","장충동2가","서울특별시 중구청 여성보육과","02-3396-5402","127.006676","37.55864","서울특별시 중구 동호로 241","0000_2400","501","1114014400_02","중부안심02","장충체육관 후문","20221118","1114014400_02_S01_401.jpeg"
"1114014400_02_S02","401","1114000000","서울특별시 중구","1114014400","장충동2가","서울특별시 중구청 여성보육과","02-3396-5402","127.00102","37.55999","서울특별시 중구 장충동2가 192-129","0000_2400","501","1114014400_02","중부안심02","장충공영주차장","20221118","1114014400_02_S02_401.jpeg"
"1114013800_01_S02","402","1114000000","서울특별시 중구","1114013200","충무로4가","중부(충무)파출소","02-2278-7710","126.99502","37.561615","서울특별시 중구 퇴계로 209(충무로4가)","0000_2400","501","1114013800_01","중부안심01","세븐일레븐충무퇴계점","20221118","1114013800_01_S02_402.jpeg"
"1114013800_01_S01","402","1114000000","서울특별시 중구","1114013900","필동3가","중부(충무)파출소","02-2278-7710","126.99741","37.56036","서울특별시 중구 서애로21 1층","0000_2400","501","1114013800_01","중부안심01","cu중구필동점","20221118","1114013800_01_S01_402.jpeg"
"1126010100_13_S01","401","1126000000","서울특별시 중랑구","1126010100","면목동","스마트큐브","02-1666-0339","127.08561","37.5747","서울특별시 중랑구 면목로 246","0000_2400","501","1126010100_13","중랑안심13","면목4동주민센터","20221118","1126010100_13_S01_401.jpeg"
"1126010100_12_S01","401","1126000000","서울특별시 중랑구","1126010100","면목동","스마트큐브","02-1666-0339","127.079475","37.585754","서울특별시 중랑구 동일로 619(면목동 175-18)","0000_2400","501","1126010100_12","중랑안심12","면목5동 주민센터","20221118","1126010100_12_S01_401.jpeg"
"1126010100_07_S01","402","1126000000","서울특별시 중랑구","1126010100","면목동","GS25 사가정스타점","02-493-5992","127.08806","37.581783","서울특별시 중랑구 면목로45길 8","0000_2400","501","1126010100_07","중랑안심07","","20220819","1126010100_07_S01_402.jpeg"
"1126010200_06_S01","401","1126000000","서울특별시 중랑구","1126010200","상봉동","스마트큐브","02-1666-0339","127.0809","37.59311","서울특별시 중랑구 동일로 114길 10(상봉동 126)","0000_2400","501","1126010200_06","중랑안심06","상봉2동 주민센터","20221118","1126010200_06_S01_401.jpeg"
"1126010100_05_S01","402","1126000000","서울특별시 중랑구","1126010100","면목동","GS25 면목한신점","02-436-6480","127.07662","37.588417","서울특별시 중랑구 겸재로3길 54 ","0000_2400","501","1126010100_05","중랑안심05","","20220809","1126010100_05_S01_402.jpeg"
"1126010100_04_S01","401","1126000000","서울특별시 중랑구","1126010100","면목동","스마트큐브","02-1666-0339","127.087555","37.587357","서울특별시 중랑구 면목로 397","0000_2400","501","1126010100_04","중랑안심04","면목본동 주민센터","20221118","1126010100_04_S01_401.jpeg"
"1129013500_11_S01","402","1123000000","서울특별시 동대문구","1123010300","제기동","동대문경찰서","02-968-0112","127.03791","37.591007","서울특별시 동대문구 회기로 14","0000_2400","501","1129013500_11","종암안심11","CU 고대어진재점","20221118","1129013500_11_S01_402.jpeg"
"1129013500_10_S01","402","1129000000","서울특별시 성북구","1129013500","종암동","종암경찰서","182","127.034256","37.59405","서울특별시 성북구 종암로5길 29","0000_2400","501","1129013500_10","종암안심10","CU종암행복점","20221118","1129013500_10_S01_402.jpeg"
"1129013500_10_S03","401","1129000000","서울특별시 성북구","1129013500","종암동","성북구청 여성가족과","02-2241-2572","127.03555","37.592945","서울특별시 성북구 북악산로31길 8","0000_2400","501","1129013500_10","종암안심10","제일빌딩(고대인근)","20221118","1129013500_10_S03_401.jpeg"
"1129013500_10_S02","402","1129000000","서울특별시 성북구","1129013500","종암동","종암경찰서","182","127.03442","37.59213","서울특별시 성북구 북악산로27길 14","0000_2400","501","1129013500_10","종암안심10","GS25고대종암","20221118","1129013500_10_S02_402.jpeg"
"1129013800_06_S02","401","1129000000","서울특별시 성북구","1129013800","장위동","성북구청 여성가족과","02-2241-2572","127.04367","37.61407","서울특별시 성북구 장위로 61","0000_2400","501","1129013800_06","종암안심06","장위1동 주민센터","20221118","1129013800_06_S02_401.jpeg"
"1129013800_04_S01","402","1129000000","서울특별시 성북구","1129013800","장위동","종암경찰서","182","127.05452","37.611813","서울특별시 성북구 화랑로33길 39","0000_2400","501","1129013800_04","종암안심04","GS25성북장위","20221118","1129013800_04_S01_402.jpeg"
"1129013900_03_S01","402","1129000000","서울특별시 성북구","1129013900","석관동","미니스톱 상월곡지점","02-967-3233","127.05099","37.607384","서울특별시 성북구 화랑로 186","0000_2400","501","1129013900_03","종암안심03","","20220927","1129013900_03_S01_402.jpeg"
"1129013900_02_S02","401","1129000000","서울특별시 성북구","1129013900","석관동","서울특별시 강북구 여성가족과","02-901-6693","127.06141","37.612965","서울특별시 성북구 화랑로 296","0000_2400","501","1129013900_02","종암안심02","석관동주민센터","20221118","1129013900_02_S02_401.jpeg"
"1129013900_01_S01","402","1129000000","서울특별시 성북구","1129013900","석관동","종암경찰서","182","127.059875","37.608246","서울특별시 성북구 돌곶이로 46, 1층","0000_2400","501","1129013900_01","종암안심01","GS25성북석관","20221118","1129013900_01_S01_402.jpeg"
"1111018600_05_S01","402","1111000000","서울특별시 종로구","1111018500","홍지동","종로경찰서","02-3701-4324","126.95852","37.600155","서울특별시 종로구 세검정로 230","0000_2400","501","1111018600_05","종로안심05","GS25상명사랑점","20221118","1111018600_05_S01_402.jpeg"
"1111018600_05_S02","402","1111000000","서울특별시 종로구","1111018300","평창동","종로경찰서","02-3701-4324","126.96596","37.606964","서울특별시 종로구 평창11길 17","0000_2400","501","1111018600_05","종로안심05","세븐일레븐평창점","20221118","1111018600_05_S02_402.jpeg"
"1111011000_04_S03","401","1111000000","서울특별시 종로구","1111011100","옥인동","서울특별시 종로구청 어르신가족과","02-2148-2224","126.96922","37.581833","서울특별시 종로구 자하문로19길 36","0000_2400","501","1111011000_04","종로안심04","청운효자동 자치회관","20221118","1111011000_04_S03_401.jpeg"
"1111011000_04_S02","402","1111000000","서울특별시 종로구","1111011000","누하동","종로경찰서","02-3701-4324","126.96863","37.579533","서울특별시 종로구 필운대로 39","0000_2400","501","1111011000_04","종로안심04","GS25종로누하점","20221118","1111011000_04_S02_402.jpeg"
"1111011000_04_S01","402","1111000000","서울특별시 종로구","1111011300","필운동","종로경찰서","02-3701-4324","126.967514","37.57794","서울특별시 종로구 필운대로1길 36","0000_2400","501","1111011000_04","종로안심04","CU종로배화점","20221118","1111011000_04_S01_402.jpeg"
"1111011200_03_S02","402","1111000000","서울특별시 종로구","1111011300","필운동","종로경찰서","02-3701-4324","126.96944","37.577164","서울특별시 종로구 필운대로 12","0000_2400","501","1111011200_03","종로안심03","세븐일레븐종로배화점","20221118","1111011200_03_S02_402.jpeg"
"1111011200_03_S01","402","1111000000","서울특별시 종로구","1111011400","내자동","종로경찰서","02-3701-4324","126.97218","37.57624","서울특별시 종로구 사직로 121","0000_2400","501","1111011200_03","종로안심03","CU내자중앙점","20221118","1111011200_03_S01_402.jpeg"
"1111011200_03_S03","401","1111000000","서울특별시 종로구","1111017300","명륜3가","서울특별시 종로구청 어르신가족과","02-2148-2224","126.99778","37.58344","서울특별시 종로구 성균관로1길 6-3","0000_2400","501","1111011200_03","종로안심03","종로육아종합지원센터","20221118","1111011200_03_S03_401.jpeg"
"1138010600_02_S02","402","1138000000","서울특별시 은평구","1138010600","대조동","은평경찰서","02-350-1324","126.92066","37.618164","서울특별시 은평구 연서로28길 6, 1층","0000_2400","501","1138010600_02","은평안심02","GS25 연신내으뜸점","20221118","1138010600_02_S02_402.jpeg"
"1138010600_02_S03","402","1138000000","서울특별시 은평구","1138010600","대조동","은평경찰서","02-350-1324","126.92186","37.617058","서울특별시 은평구 연서로28길 20-1, 1층","0000_2400","501","1138010600_02","은평안심02","미니스톱 연신내동명점","20221118","1138010600_02_S03_402.jpeg"
"1138010600_02_S01","402","1138000000","서울특별시 은평구","1138010600","대조동","은평경찰서","02-350-1324","126.920815","37.61685","서울특별시 은평구 연서로26길 11, 유성빌딩 1층","0000_2400","501","1138010600_02","은평안심02","GS25 연신내제일점","20221118","1138010600_02_S01_402.jpeg"
"1138010300_01_S03","401","1138000000","서울특별시 은평구","1138010300","불광동","스마트큐브","02-1666-0339","126.92769","37.621563","서울특별시 은평구 연서로34길 11","0000_2400","501","1138010300_01","은평안심01","불광보건분소","20221118","1138010300_01_S03_401.jpeg"
"1138010300_01_S02","402","1138000000","서울특별시 은평구","1138010300","불광동","은평경찰서","02-350-1324","126.923225","37.617172","서울특별시 은평구 통일로 822","0000_2400","501","1138010300_01","은평안심01","세븐일레븐 연신내점","20221118","1138010300_01_S02_402.jpeg"
"1138010300_01_S01","402","1138000000","서울특별시 은평구","1138010300","불광동","은평경찰서","02-350-1324","126.923935","37.61796","서울특별시 은평구 통일로78길 12-4, 1층","0000_2400","501","1138010300_01","은평안심01","세븐일레븐 불광중앙점","20221118","1138010300_01_S01_402.jpeg"
"1117012900_18_S01","402","1117000000","서울특별시 용산구","1117012900","이촌동","이촌파출소","02-749-0118","126.97503","37.519386","서울특별시 용산구 이촌로 248 (한강맨숀)","0000_2400","501","1117012900_18","용산안심18","CU 동부이촌점","20221118","1117012900_18_S01_402.jpeg"
"1117012500_17_S01","402","1117000000","서울특별시 용산구","1117012500","한강로2가","한강로파출소","02-2198-0161","126.97082","37.531895","서울특별시 용산구 한강대로 142, 108호","0000_2400","501","1117012500_17","용산안심17","CU 신용산점","20221118","1117012500_17_S01_402.jpeg"
"1117012500_17_S03","402","1117000000","서울특별시 용산구","1117012500","한강로2가","용산역파출소","02-2198-0150","126.96904","37.531715","서울특별시 용산구 한강대로43길 13, 한강로대우아이빌 1층","0000_2400","501","1117012500_17","용산안심17","CU 용산한강로점","20221118","1117012500_17_S03_402.jpeg"
"1117012900_14_S01","402","1117000000","서울특별시 용산구","1117012900","이촌동","용산역파출소","02-2198-0152","126.95422","37.527294","서울특별시 용산구 이촌로14길 11-6 101호","0000_2400","501","1117012900_14","용산안심14","세븐일레븐 용산서부이촌점","20221118","1117012900_14_S01_402.jpeg"
"1117013600_13_S01","401","1117000000","서울특별시 용산구","1117013600","보광동","용산구청 여성가족과","02-2199-7144","127.00018","37.5263","서울특별시 용산구 장문로 95","0000_2400","501","1117013600_13","용산안심13","보광동주민센터","20221118","1117013600_13_S01_401.jpeg"
"1117013600_13_S02","402","1117000000","서울특별시 용산구","1117013600","보광동","보광파출소","02-2198-0142","127.00244","37.527115","서울특별시 용산구 장문로 119","0000_2400","501","1117013600_13","용산안심13","CU 용산보광점","20221118","1117013600_13_S02_402.jpeg"
"1117013600_11_S01","402","1117000000","서울특별시 용산구","1117013000","이태원동","이태원파출소","02-2198-0127","126.996735","37.531506","서울특별시 용산구 우사단로4길 1","0000_2400","501","1117013600_11","용산안심11","CU 이태원힐점","20221118","1117013600_11_S01_402.jpeg"
"1117013600_10_S01","402","1117000000","서울특별시 용산구","1117013600","보광동","보광파출소","02-2198-0142","126.9974","37.530556","서울특별시 용산구 우사단로2길 12","0000_2400","501","1117013600_10","용산안심10","세븐일레븐 보광우사단로점","20221118","1117013600_10_S01_402.jpeg"
"1117013600_10_S02","402","1117000000","서울특별시 용산구","1117013600","보광동","보광파출소","02-2198-0142","127.00024","37.529167","서울특별시 용산구 장문로45길 73, 1층","0000_2400","501","1117013600_10","용산안심10","이마트24 보광사랑","20221118","1117013600_10_S02_402.jpeg"
"1117013100_08_S01","402","1117000000","서울특별시 용산구","1117013100","한남동","한남파출소","02-2198-0134","127.00203","37.53784","서울특별시 용산구 이태원로54길 11","0000_2400","501","1117013100_08","용산안심08","CU 용산한강진","20221118","1117013100_08_S01_402.jpeg"
"1117013100_08_S02","401","1117000000","서울특별시 용산구","1117013100","한남동","용산구청 여성가족과","02-2199-7144","127.00027","37.53486","서울특별시 용산구 이태원로 224-19","0000_2400","501","1117013100_08","용산안심08","한남동공영주차장","20221118","1117013100_08_S02_401.jpeg"
"1117013100_07_S01","402","1117000000","서울특별시 용산구","1117013100","한남동","한남파출소","02-2198-0134","127.00271","37.542454","서울특별시 용산구 한남대로 158","0000_2400","501","1117013100_07","용산안심07","GS25 한남행복점","20221118","1117013100_07_S01_402.jpeg"
"1117013000_06_S01","401","1117000000","서울특별시 용산구","1117013000","이태원동","용산구청 여성가족과","02-2199-7144","126.99048","37.53245","서울특별시 용산구 녹사평대로 150","0000_2400","501","1117013000_06","용산안심06","용산구청후문","20221118","1117013000_06_S01_401.jpeg"
"1117010500_05_S01","402","1117000000","서울특별시 용산구","1117010400","갈월동","용중지구대","02-2198-0116","126.97392","37.545517","서울특별시 용산구 두텁바위로 13","0000_2400","501","1117010500_05","용산안심05","GS25 용산그린","20221118","1117010500_05_S01_402.jpeg"
"1117010500_05_S02","401","1117000000","서울특별시 용산구","1117010400","갈월동","용산구청 여성가족과","02-2199-7144","126.97482","37.545773","서울특별시 용산구 두텁바위로 25","0000_2400","501","1117010500_05","용산안심05","갈월종합사회복지관","20221118","1117010500_05_S02_401.jpeg"
"1117010200_04_S01","401","1117000000","서울특별시 용산구","1117010200","용산동2가","용산치안센터","02-2198-0179","126.98557","37.546074","서울특별시 용산구 신흥로 90","0000_2400","501","1117010200_04","용산안심04","용산치안센터","20221118","1117010200_04_S01_401.jpeg"
"1117011100_02_S02","401","1117000000","서울특별시 용산구","1117011200","원효로1가","용산구청 여성가족과","02-2199-7144","126.96501","37.538902","서울특별시 용산구 백범로 329","0000_2400","501","1117011100_02","용산안심02","용산꿈나무종합타운","20221118","1117011100_02_S02_401.jpeg"
"1117011100_02_S03","401","1117000000","서울특별시 용산구","1117011900","효창동","효창종합사회복지관","02-716-0600","126.96309","37.541218","서울특별시 용산구 효창원로 146-12","0000_2400","501","1117011100_02","용산안심02","효창종합사회복지관","20221118","1117011100_02_S03_401.jpeg"
"1117011100_02_S01","402","1117000000","서울특별시 용산구","1117011100","청파동3가","원효지구대","02-2198-0191","126.96675","37.54417","서울특별시 용산구 청파로43길 70","0000_2400","501","1117011100_02","용산안심02","이마트24 숙대도서관점","20221118","1117011100_02_S01_402.jpeg"
"1117011000_01_S01","402","1117000000","서울특별시 용산구","1117011000","청파동2가","원효지구대","02-2198-0191","126.96743","37.54644","서울특별시 용산구 청파동2가 청파로 47나길 35","0000_2400","501","1117011000_01","용산안심01","세븐일레븐 숙대사랑점","20221118","1117011000_01_S01_402.jpeg"
"1117011000_01_S02","401","1117000000","서울특별시 용산구","1117011000","청파동2가","용산구청 여성가족과","02-2199-7144","126.96507","37.547005","서울특별시 용산구 효창원로86길 33","0000_2400","501","1117011000_01","용산안심01","숙대 명재관 인근","20221118","1117011000_01_S02_401.jpeg"
"1117011000_01_S03","401","1117000000","서울특별시 용산구","1117011900","효창동","용산구청 여성가족과","02-2199-7144","126.96184","37.542507","서울특별시 용산구 효창원로 161","0000_2400","501","1117011000_01","용산안심01","효창동주민센터","20221118","1117011000_01_S03_401.jpeg"
"1156010100_29_S01","401","1156000000","서울특별시 영등포구","1156010100","영등포동","서울특별시 영등포구","02-2670-3352","126.90934","37.514668","서울특별시 영등포구 신길로61길 17","0000_2400","501","1156010100_29","영등포안심29","영등포본동주민센터","20221118","1156010100_29_S01_401.jpeg"
"1156013300_22_S02","401","1153000000","서울특별시 구로구","1153010200","구로동","스마트큐브","02-1666-0339","126.89424","37.493435","서울특별시 구로구 도림천로 352","0000_2400","501","1156013300_22","영등포안심22","서울메트로대림별관","20221118","1156013300_22_S02_401.jpeg"
"1156013300_22_S01","401","1156000000","서울특별시 영등포구","1156013300","대림동","서울특별시 영등포구","02-2670-3352","126.89922","37.492832","서울특별시 영등포구 대림로23가길 5","0000_2400","501","1156013300_22","영등포안심22","다사랑어린이공원","20221118","1156013300_22_S01_401.jpeg"
"1156011100_18_S01","401","1156000000","서울특별시 영등포구","1156011300","당산동3가","서울특별시 영등포구","02-2670-3352","126.893974","37.52598","서울특별시 영등포구 당산로29길 9","0000_2400","501","1156011100_18","영등포안심18","그린케어센터","20221118","1156011100_18_S01_401.jpeg"
"1156013200_15_S01","401","1156000000","서울특별시 영등포구","1156013200","신길동","서울특별시 영등포구","02-2670-3352","126.91165","37.507153","서울특별시 영등포구 신길로40길 5","0000_2400","501","1156013200_15","영등포안심15","신길4동1동1마을공영주차장","20221118","1156013200_15_S01_401.jpeg"
"1156013200_14_S02","401","1159000000","서울특별시 동작구","1159010800","대방동","스마트큐브","02-1666-0339","126.927155","37.51235","서울특별시 동작구 노량진로 10","0000_2400","501","1156013200_14","영등포안심14","스페이스살림","20221118","1156013200_14_S02_401.jpeg"
"1156013200_14_S01","401","1156000000","서울특별시 영등포구","1156013200","신길동","서울특별시 영등포구","02-2670-3352","126.92144","37.51117","서울특별시 영등포구 영등포로84길 24-5","0000_2400","501","1156013200_14","영등포안심14","신길1동 주민센터","20221118","1156013200_14_S01_401.jpeg"
"1156011800_09_S01","401","1156000000","서울특별시 영등포구","1156011800","도림동","서울특별시 영등포구","02-2670-3352","126.896","37.509495","서울특별시 영등포구 도영로7길 10","0000_2400","501","1156011800_09","영등포안심09","도림동 주민센터","20221118","1156011800_09_S01_401.jpeg"
"1156011800_09_S02","401","1156000000","서울특별시 영등포구","1156013300","대림동","서울특별시 영등포구","02-2670-3352","126.89608","37.50432","서울특별시 영등포구 도신로 27","0000_2400","501","1156011800_09","영등포안심09","대림정보문화도서관","20221118","1156011800_09_S02_401.jpeg"
"1156010800_02_S01","401","1156000000","서울특별시 영등포구","1156011700","당산동","서울특별시 영등포구","02-2670-3352","126.907265","37.525993","서울특별시 영등포구 버드나루로15길 10","0000_2400","501","1156010800_02","영등포안심02","영등포평생학습관","20221118","1156010800_02_S01_401.jpeg"
"1147010300_02_S01","401","1150000000","서울특별시 강서구","1150010300","화곡동","스마트큐브","02-1666-0339","126.8489","37.52906","서울특별시 강서구 강서로5길 50","0000_2400","501","1147010300_02","양천안심02","곰달래복지문화센터","20221118","1147010300_02_S01_401.jpeg"
"1168010600_04_S01","401","1168000000","서울특별시 강남구","1168010600","대치동","대치2동 주민센터","02-3423-8420","127.064186","37.502304","서울특별시 강남구 영동대로65길 24","0000_2400","501","1168010600_04","수서안심04","대치2동 주민센터","20221118","1168010600_04_S01_401.jpeg"
"1168010600_03_S01","401","1168000000","서울특별시 강남구","1168010600","대치동","대치4동 주민센터","02-3423-8520","127.05785","37.49973","서울특별시 강남구 도곡로77길 23","0000_2400","501","1168010600_03","수서안심03","대치4동 주민센터","20221118","1168010600_03_S01_401.jpeg"
"1168011800_01_S01","402","1165000000","서울특별시 서초구","1165010200","양재동","서초경찰서","02-532-0112","127.03412","37.483685","서울특별시 서초구 강남대로 221","0000_2400","501","1168011800_01","수서안심01","세븐일레븐 양재역점","20221118","1168011800_01_S01_402.jpeg"
"1171010600_08_S01","401","1171000000","서울특별시 송파구","1171010600","삼전동","삼전지구대","02-3402-6303","127.09273","37.502724","서울특별시 송파구 백제고분로 238","0000_2400","501","1171010600_08","송파안심08","삼전지구대","20221118","1171010600_08_S01_401.jpeg"
"1171010600_08_S02","401","1171000000","서울특별시 송파구","1171010600","삼전동","㈜ 새누","02-2203-9400","127.094894","37.49867","서울특별시 송파구 백제고분로32길 41","0000_2400","501","1171010600_08","송파안심08","송파노인종합복지관","20221118","1171010600_08_S02_401.jpeg"
"1171010100_06_S04","402","1171000000","서울특별시 송파구","1171010100","잠실동","잠실지구대","02-3402-6302","127.084","37.509716","서울특별시 송파구 백제고분로7길 42-25","0000_2400","501","1171010100_06","송파안심06","세븐일레븐신천제일점","20221118","1171010100_06_S04_402.jpeg"
"1171010100_06_S03","402","1171000000","서울특별시 송파구","1171010100","잠실동","잠실지구대","02-3402-6302","127.08243","37.509617","서울특별시 송파구 백제고분로9길30","0000_2400","501","1171010100_06","송파안심06","세븐일레븐신천본점","20221118","1171010100_06_S03_402.jpeg"
"1171010100_06_S02","402","1171000000","서울특별시 송파구","1171010100","잠실동","잠실지구대","02-3402-6302","127.08493","37.507717","서울특별시 송파구 삼전로13길49","0000_2400","501","1171010100_06","송파안심06","세븐일레븐송파중앙점","20221118","1171010100_06_S02_402.jpeg"
"1171010100_06_S01","402","1171000000","서울특별시 송파구","1171010100","잠실동","잠실지구대","02-3402-6302","127.081406","37.506428","서울특별시 송파구 백제고분로127","0000_2400","501","1171010100_06","송파안심06","세븐일레븐잠실1호점","20221118","1171010100_06_S01_402.jpeg"
"1171010100_04_S02","402","1171000000","서울특별시 송파구","1171010100","잠실동","잠실지구대","02-3402-6302","127.08622","37.504005","서울특별시 송파구 백제고분로20길 7-1","0000_2400","501","1171010100_04","송파안심04","CU잠실현대점","20221118","1171010100_04_S02_402.jpeg"
"1171010100_04_S01","402","1171000000","서울특별시 송파구","1171010100","잠실동","잠실지구대","02-3402-6302","127.08877","37.506344","서울특별시 송파구 삼전로9길6","0000_2400","501","1171010100_04","송파안심04","세븐일레븐잠실광장점","20221118","1171010100_04_S01_402.jpeg"
"1171010100_04_S03","402","1171000000","서울특별시 송파구","1171010600","삼전동","삼전지구대","02-3402-6303","127.09141","37.506504","서울특별시 송파구 백제고분로21길34","0000_2400","501","1171010100_04","송파안심04","GS25삼전나루점","20221118","1171010100_04_S03_402.jpeg"
"1171010400_03_S01","403","1171000000","서울특별시 송파구","1171010400","송파동","송파1동자율방범대","02-2147-4300","127.11046","37.50618","서울특별시 송파구 송파대로42길 29","","501","1171010400_03","송파안심03","403_송파1동치안센터","20221108","1171010400_03_S01_403.jpeg"
"1171010400_03_S02","402","1171000000","서울특별시 송파구","1171010400","송파동","세븐일레븐 송파초교점","02-422-7097","127.11173","37.50731","서울특별시 송파구 백제고분로44길 9","0000_2400","501","1171010400_03","송파안심03","세븐일레븐 송파초교점","20221108","1171010400_03_S02_402.jpeg"
"1171011200_23_S01","402","1171000000","서울특별시 송파구","1171011200","오금동","오금파출소","02-3402-6309","127.13381","37.502125","서울특별시 송파구 동남로23길 29","0000_2400","501","1171011200_23","송파안심23","GS25오금후레쉬점","20221118","1171011200_23_S01_402.jpeg"
"1171011200_23_S02","402","1171000000","서울특별시 송파구","1171011200","오금동","오금파출소","02-3402-6309","127.13472","37.5045","서울특별시 송파구 마천로138","0000_2400","501","1171011200_23","송파안심23","CU오금공원점","20221118","1171011200_23_S02_402.jpeg"
"1171010300_19_S02","403","1171000000","서울특별시 송파구","1171010300","풍납동","풍납1파출소","02-483-0368","127.12046","37.53507","서울특별시 송파구 풍성로25길 17","","501","1171010300_19","송파안심19","403_풍납1동치안센터","20221116","1171010300_19_S02_403.jpeg"
"1171010300_19_S01","403","1171000000","서울특별시 송파구","1171010300","풍납동","풍납2동자율방범대","02-483-0795","127.119095","37.531998","서울특별시 송파구 풍납2동 501-24 ","","501","1171010300_19","송파안심19","403_풍납2동자율방범대","20221116","1171010300_19_S01_403.jpeg"
"1171011400_14_S02","401","1171000000","서울특별시 송파구","1171011300","거여동","㈜ 새누","02-2147-4060","127.1433","37.49694","서울특별시 송파구 오금로53길 32","0900_2100","501","1171011400_14","송파안심14","거여1동주민센터","20221118","1171011400_14_S02_401.jpeg"
"1171011400_14_S03","401","1171000000","서울특별시 송파구","1171011400","마천동","㈜ 새누","02-2147-3906","127.14854","37.49684","서울특별시 송파구 마천로 287","0000_2400","501","1171011400_14","송파안심14","마천2동주민센터","20221118","1171011400_14_S03_401.jpeg"
"1171011400_14_S01","401","1171000000","서울특별시 송파구","1171011300","거여동","㈜ 새누","02-2147-4090","127.14683","37.493538","서울특별시 송파구 거마로2길 19","0000_2400","501","1171011400_14","송파안심14","거여2동주민센터","20221118","1171011400_14_S01_401.jpeg"
"1171010700_11_S01","402","1171000000","서울특별시 송파구","1171010700","가락동","CU가락극동점","070-7782-8317","127.13193","37.494755","서울특별시 송파구 동남로18길 14 ","0000_2400","501","1171010700_11","송파안심11","CU가락극동점","20221116","1171010700_11_S01_402.jpeg"
"1129010100_14_S01","402","1129000000","서울특별시 성북구","1129010100","성북동","CU성북점","02-747-4634","127.00433","37.59069","서울특별시 성북구 성북로8길 4 (성북동)","0000_2400","501","1129010100_14","성북안심14","","20220923","1129010100_14_S01_402.jpeg"
"1129013300_11_S01","402","1129000000","서울특별시 성북구","1129013300","정릉동","성북경찰서","02-920-1324","127.01141","37.605907","서울특별시 성북구 보국문로 14","0000_2400","501","1129013300_11","성북안심11","GS25정릉대우","20221118","1129013300_11_S01_402.jpeg"
"1129013300_10_S01","402","1129000000","서울특별시 성북구","1129013300","정릉동","성북경찰서","02-920-1324","127.00773","37.60873","서울특별시 성북구 솔샘로6길 66","","501","1129013300_10","성북안심10","씨스페이스정릉3점","20221118","1129013300_10_S01_402.jpeg"
"1129013300_09_S01","402","1129000000","서울특별시 성북구","1129013300","정릉동","성북경찰서","02-920-1324","127.00976","37.61202","서울특별시 성북구 보국문로16길 48","0000_2400","501","1129013300_09","성북안심09","미니스톱정릉서경대점","20221118","1129013300_09_S01_402.jpeg"
"1129013300_07_S01","401","1129000000","서울특별시 성북구","1129010300","돈암동","성북구청 여성가족과","02-2241-2572","127.01392","37.60006","서울특별시 성북구 아리랑로 82(돈암동 538-98)","0000_2400","501","1129013300_07","성북안심07","아리랑 시네미디어센터","20221118","1129013300_07_S01_401.jpeg"
"1129011500_05_S01","402","1129000000","서울특별시 성북구","1129011500","삼선동5가","성북경찰서","02-920-1324","127.01735","37.58941","서울특별시 성북구 보문로32길 14","0000_2400","501","1129011100_04","성북안심05","세븐일레븐성북구청후문점","20221118","1129011500_05_S01_402.jpeg"
"1129011500_05_S02","401","1129000000","서울특별시 성북구","1129012700","보문동5가","성북구청 여성가족과","02-2241-2572","127.019325","37.583874","서울특별시 성북구 지봉로24길 26","0000_2400","501","1129011100_04","성북안심05","보문 부모아이지원센터","20221118","1129011500_05_S02_401.jpeg"
"1129011700_01_S03","401","1129000000","서울특별시 성북구","1129012100","안암동1가","성북구청 여성가족과","02-2241-2572","127.02235","37.589355","서울특별시 성북구 보문로30가길 41-6","0000_2400","501","1129011700_01","성북안심01","안암교회","20221118","1129011700_01_S03_401.jpeg"
"1120010600_16_S02","401","1120000000","서울특별시 성동구","1120010600","사근동","스마트큐브","02-1666-0339","127.04533","37.5615","서울특별시 성동구 사근동길 37","0000_2400","501","1120010600_16","성동안심16","사근동주민센터","20221118","1120010600_16_S02_401.jpeg"
"1120010600_16_S01","402","1120000000","서울특별시 성동구","1120010600","사근동","GS25 한양여대점","02-2295-2185","127.04919","37.560436","서울특별시 성동구 사근동10길 16","0000_2400","501","1120010600_16","성동안심16","GS25 한양여대점","20220914","1120010600_16_S01_402.jpeg"
"1120012200_14_S01","401","1120000000","서울특별시 성동구","1120012200","용답동","스마트큐브","02-1666-0339","127.054306","37.564564","서울특별시 성동구 용답 29길 22(용답동 4-1)","0000_2400","501","1120012200_14","성동안심14","용답건물","20221118","1120012200_14_S01_401.jpeg"
"1120010200_08_S01","403","1120000000","서울특별시 성동구","1120010200","하왕십리동","성동경찰서 생활안전과","02-2286-0346","127.03069","37.56301","서울특별시 성동구 왕십리2동 970-148","0000_2400","501","1120010200_08","성동안심08","403_왕십리2동 자율방범대","20220914","1120010200_08_S01_403.jpeg"
"1120011400_03_S01","401","1120000000","서울특별시 성동구","1120011400","성수동1가","스마트큐브","02-1666-0339","127.04403","37.54584","서울특별시 성동구 왕십리로 89","0000_2400","501","1120011400_03","성동안심03","성동구민종합체육센터","20221118","1120011400_03_S01_401.jpeg"
"1120011400_03_S02","401","1120000000","서울특별시 성동구","1120011500","성수동2가","스마트큐브","02-1666-0339","127.055176","37.549126","서울특별시 성동구 광나루로 4가길 23(성수동2가 299-19)","0000_2400","501","1120011400_03","성동안심03","성수2가3동공영주차장","20221118","1120011400_03_S02_401.jpeg"
"1165010700_18_S01","402","1165000000","서울특별시 서초구","1165010700","반포동","방배경찰서","02-3403-8324","126.9985","37.497673","서울특별시 서초구 서래로6길4","0000_2400","501","1165010700_18","서초안심18","세븐일레븐 반포서래점","20221118","1165010700_18_S01_402.jpeg"
"1165010100_16_S01","402","1165000000","서울특별시 서초구","1165010100","방배동","방배경찰서","02-3403-8324","126.99441","37.486935","서울특별시 서초구 방배로 146","0000_2400","501","1165010100_16","서초안심16","GS25 방배브라운점","20221118","1165010100_16_S01_402.jpeg"
"1165010100_14_S01","402","1165000000","서울특별시 서초구","1165010100","방배동","방배경찰서","02-3403-8324","126.99976","37.48074","서울특별시 서초구 효령로34길 23-3","0000_2400","501","1165010100_14","서초안심14","미니스톱 방배중앙점","20221118","1165010100_14_S01_402.jpeg"
"1165010100_14_S02","402","1165000000","서울특별시 서초구","1165010100","방배동","방배경찰서","02-3403-8324","126.998436","37.479656","서울특별시 서초구 방배로 57","0000_2400","501","1165010100_14","서초안심14","세븐일레븐 방배현대점","20221118","1165010100_14_S02_402.jpeg"
"1165010100_12_S01","401","1165000000","서울특별시 서초구","1165010100","방배동","스마트큐브","02-1666-0339","126.98556","37.479774","서울특별시 서초구 청두곶길 36","0000_2400","501","1165010100_12","서초안심12","방배2동 주민센터","20221118","1165010100_12_S01_401.jpeg"
"1165011000_11_S01","402","1165000000","서울특별시 서초구","1165011000","염곡동","서초경찰서","02-532-0112","127.052216","37.46202","서울특별시 서초구 염곡말길 19","0000_2400","501","1165011000_11","서초안심11","CU 서초염곡점","20221118","1165011000_11_S01_402.jpeg"
"1165010300_10_S01","402","1165000000","서울특별시 서초구","1165010300","우면동","서초경찰서","02-532-0112","127.02467","37.470943","서울특별시 서초구 바우뫼로7길 13","0000_2400","501","1165010300_10","서초안심10","GS25 서초우면점","20221118","1165010300_10_S01_402.jpeg"
"1165010200_09_S03","402","1165000000","서울특별시 서초구","1165010200","양재동","서초경찰서","02-532-0112","127.04258","37.473827","서울특별시 서초구 언남9길 7-4","0000_2400","501","1165010200_09","서초안심09","CU 양재알뜰점","20221118","1165010200_09_S03_402.jpeg"
"1165010200_09_S02","401","1165000000","서울특별시 서초구","1165010200","양재동","스마트큐브","02-1666-0339","127.045555","37.472286","서울특별시 서초구 언남10길 48","0000_2400","501","1165010200_09","서초안심09","서초꿈나무라이온스 보금자리","20221118","1165010200_09_S02_401.jpeg"
"1165010200_09_S04","401","1165000000","서울특별시 서초구","1165010200","양재동","스마트큐브","02-1666-0339","127.04128","37.470646","서울특별시 서초구 강남대로12길 44","0000_2400","501","1165010200_09","서초안심09","양재2동주민센터","20221118","1165010200_09_S04_401.jpeg"
"1165010200_09_S01","402","1165000000","서울특별시 서초구","1165010200","양재동","서초경찰서","02-532-0112","127.04891","37.47213","서울특별시 서초구 논현로5길 18","0000_2400","501","1165010200_09","서초안심09","GS25 양재구룡점","20221118","1165010200_09_S01_402.jpeg"
"1165010800_06_S01","402","1165000000","서울특별시 서초구","1165010800","서초동","서초경찰서","02-532-0112","127.00766","37.480354","서울특별시 서초구 명달로4길 32","0000_2400","501","1165010800_06","서초안심06","GS25 서초대림점","20221118","1165010800_06_S01_402.jpeg"
"1165010800_03_S01","402","1165000000","서울특별시 서초구","1165010800","서초동","서초경찰서","02-532-0112","127.01515","37.486187","서울특별시 서초구 서초중앙로 49","0000_2400","501","1165010800_03","서초안심03","미니스톱 서초라디안점","20221118","1165010800_03_S01_402.jpeg"
"1165010700_01_S03","401","1165000000","서울특별시 서초구","1165010700","반포동","스마트큐브","02-1666-0339","127.02097","37.504726","서울특별시 서초구 강남대로83길 55","0000_2400","501","1165010700_01","서초안심01","언구비 공영주차장","20221118","1165010700_01_S03_401.jpeg"
"1165010700_01_S01","402","1165000000","서울특별시 서초구","1165010700","반포동","서초경찰서","02-532-0112","127.02138","37.505955","서울특별시 서초구 사평대로53길 36","0000_2400","501","1165010700_01","서초안심01","GS25 반포타운점","20221118","1165010700_01_S01_402.jpeg"
"1165010700_01_S02","402","1165000000","서울특별시 서초구","1165010700","반포동","서초경찰서","02-532-0112","127.02135","37.505444","서울특별시 서초구 사평대로53길 27","0000_2400","501","1165010700_01","서초안심01","CU 반포중앙점","20221118","1165010700_01_S02_402.jpeg"
"1165010700_01_S05","401","1165000000","서울특별시 서초구","1165010700","반포동","스마트큐브","02-1666-0339","127.01834","37.504856","서울특별시 서초구 주흥3길 34","0000_2400","501","1165010700_01","서초안심01","방음언덕형공영주차장","20221118","1165010700_01_S05_401.jpeg"
"1138010700_03_S03","401","1138000000","서울특별시 은평구","1138011000","증산동","스마트큐브","02-1666-0339","126.90767","37.58281","서울특별시 은평구 증산로5길 6","0000_2400","501","1138010700_03","서부안심03","증산 정보도서관","20221118","1138010700_03_S03_401.jpeg"
"1138010700_03_S01","402","1138000000","서울특별시 은평구","1138010700","응암동","은평경찰서","02-350-1324","126.92021","37.587063","서울특별시 은평구 가좌로7길 6","0000_2400","501","1138010700_03","서부안심03","세븐일레븐 응암중앙점","20221118","1138010700_03_S01_402.jpeg"
"1138010700_03_S02","402","1138000000","서울특별시 은평구","1138010700","응암동","은평경찰서","02-350-1324","126.9183","37.585308","서울특별시 은평구 가좌로7다길 7","0000_2400","501","1138010700_03","서부안심03","CU 응암에이스점","20221118","1138010700_03_S02_402.jpeg"
"1141011900_13_S03","402","1141000000","서울특별시 서대문구","1141011900","북가좌동","서대문경찰서","02-335-8356","126.91985","37.582714","서울특별시 서대문구 증가로12나길 101","0000_2400","501","1141011900_13","서대문안심13","GS25","20221118","1141011900_13_S03_402.jpeg"
"1141011900_13_S01","402","1141000000","서울특별시 서대문구","1141011900","북가좌동","서대문경찰서","02-335-8356","126.90665","37.57975","서울특별시 서대문구 거북골로 223","0000_2400","501","1141011900_13","서대문안심13","CU","20221118","1141011900_13_S01_402.jpeg"
"1141011900_13_S02","402","1141000000","서울특별시 서대문구","1141011900","북가좌동","서대문경찰서","02-335-8356","126.91147","37.576656","서울특별시 서대문구 거북골로 170","0000_2400","501","1141011900_13","서대문안심13","GS25","20221118","1141011900_13_S02_402.jpeg"
"1141011000_01_S01","402","1141000000","서울특별시 서대문구","1141010100","충정로2가","서대문경찰서","02-335-8356","126.96258","37.563454","서울특별시 서대문구 경기대로48","0000_2400","501","1141011000_01","서대문안심01","CU","20221118","1141011000_01_S01_402.jpeg"
"1141011000_01_S02","401","1141000000","서울특별시 서대문구","1141011000","북아현동","서대문구청 여성가족과","02-330-8236","126.95704","37.55947","서울특별시 서대문구 북아현로 24","0000_2400","501","1141011000_01","서대문안심01","북아현동 주민센터","20221118","1141011000_01_S02_401.jpeg"
"1144012300_10_S01","402","1144000000","서울특별시 마포구","1144012300","망원동","서울마포경찰서","182","126.9073","37.557903","서울특별시 마포구 망원로 95","0000_2400","501","1144012300_10","마포안심10","CU 망원월드컵점","20221118","1144012300_10_S01_402.jpeg"
"1144012100_09_S01","402","1144000000","서울특별시 마포구","1144012400","연남동","서울마포경찰서","182","126.92172","37.559734","서울특별시 마포구 월드컵북로6길 69","0000_2400","501","1144012100_09","마포안심09","GS25 연남타운","20221118","1144012100_09_S01_402.jpeg"
"1144012100_09_S02","402","1144000000","서울특별시 마포구","1144012100","동교동","서울마포경찰서","182","126.92483","37.55909","서울특별시 마포구 양화로21길 21","0000_2400","501","1144012100_09","마포안심09","GS25 홍대동교","20221118","1144012100_09_S02_402.jpeg"
"1144012100_09_S03","402","1144000000","서울특별시 마포구","1144012400","연남동","서울마포경찰서","182","126.92273","37.56281","서울특별시 마포구 성미산로32길 47","0000_2400","501","1144012100_09","마포안심09","CU 연남파크점","20221118","1144012100_09_S03_402.jpeg"
"1144012100_09_S04","402","1144000000","서울특별시 마포구","1144012400","연남동","서울마포경찰서","182","126.92231","37.56366","서울특별시 마포구 성미산로 142","0000_2400","501","1144012100_09","마포안심09","세븐일레븐 마포연남점","20221118","1144012100_09_S04_402.jpeg"
"1144012100_09_S05","402","1144000000","서울특별시 마포구","1144012400","연남동","서울마포경찰서","182","126.92325","37.56193","서울특별시 마포구 동교로29길 32","0000_2400","501","1144012100_09","마포안심09","GS25 연남공원","20221118","1144012100_09_S05_402.jpeg"
"1144012300_08_S01","401","1144000000","서울특별시 마포구","1144012000","서교동","서현교회","02-335-5511","126.916084","37.55285","서울특별시 마포구 잔다리로7길 31","0000_2400","501","1144012300_08","마포안심08","서현교회","20221118","1144012300_08_S01_401.jpeg"
"1144011400_06_S01","402","1144000000","서울특별시 마포구","1144012000","서교동","서울마포경찰서","182","126.92902","37.555016","서울특별시 마포구 와우산로29길 16","0000_2400","501","1144011400_06","마포안심06","CU 홍대3호점","20221118","1144011400_06_S01_402.jpeg"
"1144011000_05_S01","401","1144000000","서울특별시 마포구","1144011000","노고산동","대흥동주민센터","02-3153-6620","126.94239","37.555878","서울특별시 마포구 신촌로26길 10","0000_2400","501","1144011000_05","마포안심05","대흥동주민센터","20221118","1144011000_05_S01_401.jpeg"
"1144011300_04_S01","401","1144000000","서울특별시 마포구","1144011400","창전동","서강동주민센터","02-3153-6710","126.93194","37.547485","서울특별시 마포구 독막로 165","0000_2400","501","1144011300_04","마포안심04","서강동주민센터","20221118","1144011300_04_S01_401.jpeg"
"1144011300_04_S02","401","1144000000","서울특별시 마포구","1144011100","신수동","신수동주민센터","02-3153-6680","126.935104","37.547157","서울특별시 마포구 독막로 192","0000_2400","501","1144011300_04","마포안심04","신수동주민센터","20221118","1144011300_04_S02_401.jpeg"
"1144011500_03_S02","402","1144000000","서울특별시 마포구","1144012000","서교동","서울마포경찰서","182","126.918976","37.548557","서울특별시 마포구 독막로7길 16","0000_2400","501","1144011500_03","마포안심03","세븐일레븐 서교2호점","20221118","1144011500_03_S02_402.jpeg"
"1144011500_03_S01","402","1144000000","서울특별시 마포구","1144011800","당인동","서울마포경찰서","182","126.91993","37.547432","서울특별시 마포구 어울마당로 26","0000_2400","501","1144011500_03","마포안심03","세븐일레븐 당인동점","20221118","1144011500_03_S01_402.jpeg"
"1144011500_03_S03","402","1144000000","서울특별시 마포구","1144012200","합정동","서울마포경찰서","182","126.91782","37.54843","서울특별시 마포구 독막로5길 5","0000_2400","501","1144011500_03","마포안심03","CU 합정태양점","20221118","1144011500_03_S03_402.jpeg"
"1144011500_03_S04","401","1144000000","서울특별시 마포구","1144012000","서교동","서교동교회","02-335-1326","126.91982","37.55247","서울특별시 마포구 잔다리로6길 11","0000_2400","501","1144011500_03","마포안심03","서교동교회","20221118","1144011500_03_S04_401.jpeg"
"1144010800_02_S01","401","1144000000","서울특별시 마포구","1144010800","대흥동","마포아트센터","02-3274-8500","126.94553","37.549908","서울특별시 마포구 대흥로20길 28","0000_2400","501","1144010800_02","마포안심02","마포아트센터","20221118","1144010800_02_S01_401.jpeg"
"1159010200_18_S03","401","1159000000","서울특별시 동작구","1159010200","상도동","스마트큐브","02-1666-0339","126.931404","37.499126","서울특별시 동작구 성대로2길 11","0000_2400","501","1159010200_18","동작안심18","상도3동 주민센터","20221118","1159010200_18_S03_401.jpeg"
"1159010200_18_S01","402","1159000000","서울특별시 동작구","1159010800","대방동","노량진지구대","02-811-9813","126.928375","37.499958","서울특별시 동작구 상도로 69","0000_2400","501","1159010200_18","동작안심18","미니스톱 대방점","20221118","1159010200_18_S01_402.jpeg"
"1159010200_18_S02","402","1159000000","서울특별시 동작구","1159010200","상도동","대방파출소","02-811-9873","126.93302","37.499165","서울특별시 동작구 성대로6길 6","0000_2400","501","1159010200_18","동작안심18","세븐일레븐 동작성대점","20221118","1159010200_18_S02_402.jpeg"
"1159010200_17_S02","402","1162000000","서울특별시 관악구","1162010100","봉천동","관악경찰서","02-876-3021","126.931526","37.492588","서울특별시 관악구 당곡6나길 33","0000_2400","501","1159010200_17","동작안심17","CU 관악첼시점","20221118","1159010200_17_S02_402.jpeg"
"1159010200_17_S01","401","1159000000","서울특별시 동작구","1159010200","상도동","스마트큐브","02-1666-0339","126.93086","37.49472","서울특별시 동작구 국사봉8길 47","0000_2400","501","1159010200_17","동작안심17","예그리나주택","20221118","1159010200_17_S01_401.jpeg"
"1159010900_14_S01","402","1159000000","서울특별시 동작구","1159010900","신대방동","대방파출소","02-811-9873","126.92429","37.497707","서울특별시 동작구 여의대방로 22길78","0000_2400","501","1159010900_14","동작안심14","gs25 동작우체국","20221118","1159010900_14_S01_402.jpeg"
"1159010700_13_S01","401","1159000000","서울특별시 동작구","1159010700","사당동","스마트큐브","02-1666-0339","126.96961","37.48472","서울특별시 동작구 사당로8길 9","0000_2400","501","1159010700_13","동작안심13","사당문화회관","20221118","1159010700_13_S01_401.jpeg"
"1159010700_12_S01","402","1159000000","서울특별시 동작구","1159010700","사당동","사당지구대","02-811-9853","126.97115","37.48302","서울특별시 동작구 사당로14길 32","0000_2400","501","1159010700_12","동작안심12","세븐일레븐 사당남성점","20221118","1159010700_12_S01_402.jpeg"
"1159010700_11_S02","401","1159000000","서울특별시 동작구","1159010700","사당동","스마트큐브","02-1666-0339","126.97985","37.477016","서울특별시 동작구 남부순환로 2081","0000_2400","501","1159010700_11","동작안심11","사당노인종합복지관","20221118","1159010700_11_S02_401.jpeg"
"1159010700_08_S03","402","1159000000","서울특별시 동작구","1159010700","사당동","사당지구대","02-811-9853","126.981384","37.491116","서울특별시 동작구 동작대로 35길 18 1층","0000_2400","501","1159010700_08","동작안심08","cu 사당어반점","20221118","1159010700_08_S03_402.jpeg"
"1159010700_08_S01","402","1159000000","서울특별시 동작구","1159010700","사당동","남성지구대","02-811-9843","126.97929","37.49225","서울특별시 동작구 동작대로35다길 22","0000_2400","501","1159010700_08","동작안심08","cu 동작늘솔길점","20221118","1159010700_08_S01_402.jpeg"
"1159010700_08_S02","402","1159000000","서울특별시 동작구","1159010700","사당동","남성지구대","02-811-9843","126.98111","37.49098","서울특별시 동작구 동작대로35길 21","0000_2400","501","1159010700_08","동작안심08","cu 사당태양점","20221118","1159010700_08_S02_402.jpeg"
"1159010200_05_S01","402","1159000000","서울특별시 동작구","1159010200","상도동","상도지구대","02-811-9833","126.96056","37.494576","서울특별시 동작구 사당로 56","0000_2400","501","1159010200_05","동작안심05","세븐일레븐 상도점","20221118","1159010200_05_S01_402.jpeg"
"1159010200_05_S03","401","1159000000","서울특별시 동작구","1159010200","상도동","스마트큐브","02-1666-0339","126.95308","37.4981","서울특별시 동작구 상도로53길 9","0000_2400","501","1159010200_05","동작안심05","상도1동주민센터","20221118","1159010200_05_S03_401.jpeg"
"1159010200_05_S02","401","1159000000","서울특별시 동작구","1159010200","상도동","스마트큐브","02-1666-0339","126.953125","37.497604","서울특별시 동작구 상도로37길 76 (상도동)","0730_2330","501","1159010200_05","동작안심05","신한은행 숭실대역 지점","20221118","1159010200_05_S02_401.jpeg"
"1159010400_03_S01","402","1159000000","서울특별시 동작구","1159010500","흑석동","흑석지구대","02-811-9823","126.96286","37.50737","서울특별시 동작구 서달로14가길","0000_2400","501","1159010400_03","동작안심03","씨스페이스 흑석중대점","20221118","1159010400_03_S01_402.jpeg"
"1159010100_01_S01","402","1159000000","서울특별시 동작구","1159010100","노량진동","노량진지구대","02-811-9813","126.94196","37.513313","서울특별시 동작구 노량진로 146 이데아빌딩 1층","0000_2400","501","1159010100_01","동작안심01","세븐일레븐 노량진역점","20221118","1159010100_01_S01_402.jpeg"
"1123010300_24_S02","401","1123000000","서울특별시 동대문구","1123010300","제기동","동대문 종합사회복지관","02-982-1959","127.034195","37.584023","서울특별시 동대문구 약령시로5길 22","0000_2400","501","1123010300_24","동대문안심24","동대문종합사회복지관","20221118","1123010300_24_S02_401.jpeg"
"1123010600_14_S02","402","1123000000","서울특별시 동대문구","1123010600","장안동","동대문경찰서","02-968-0112","127.06934","37.569115","서울특별시 동대문구 장한로 91","0000_2400","501","1123010600_14","동대문안심14","세븐일레븐 장안썬앤빌점","20221118","1123010600_14_S02_402.jpeg"
"1123010600_14_S03","402","1123000000","서울특별시 동대문구","1123010600","장안동","동대문경찰서","02-968-0112","127.06918","37.57143","서울특별시 동대문구 답십리로68길 24","0000_2400","501","1123010600_14","동대문안심14","CU 장안쉐르빌점","20221118","1123010600_14_S03_402.jpeg"
"1123010600_14_S09","401","1123000000","서울특별시 동대문구","1123010600","장안동","장안 종합사회복지관","02-2290-6417","127.06617","37.56795","서울특별시 동대문구 한천로18길 48","0000_2400","501","1123010600_14","동대문안심14","장안종합사회복지관","20221118","1123010600_14_S09_401.jpeg"
"1123010600_14_S08","402","1123000000","서울특별시 동대문구","1123010500","답십리동","동대문경찰서","02-968-0112","127.06588","37.573044","서울특별시 동대문구 답십리로59길 6","0000_2400","501","1123010600_14","동대문안심14","GS25 답십리청마루점","20221118","1123010600_14_S08_402.jpeg"
"1123010600_14_S07","402","1123000000","서울특별시 동대문구","1123010500","답십리동","동대문경찰서","02-968-0112","127.06276","37.5699","서울특별시 동대문구 한천로17길 23","0000_2400","501","1123010600_14","동대문안심14","GS25 답십리한신점","20221118","1123010600_14_S07_402.jpeg"
"1123010600_14_S06","402","1123000000","서울특별시 동대문구","1123010500","답십리동","동대문경찰서","02-968-0112","127.06485","37.5709","서울특별시 동대문구 한천로107-3","0000_2400","501","1123010600_14","동대문안심14","CU 답십리대림점","20221118","1123010600_14_S06_402.jpeg"
"1123010600_14_S05","402","1123000000","서울특별시 동대문구","1123010600","장안동","동대문경찰서","02-968-0112","127.0688","37.5688","서울특별시 동대문구 한천로24길 74-1","0000_2400","501","1123010600_14","동대문안심14","미니스톱 장안벤처빌점","20221118","1123010600_14_S05_402.jpeg"
"1123010600_14_S04","402","1123000000","서울특별시 동대문구","1123010600","장안동","동대문경찰서","02-968-0112","127.07143","37.569412","서울특별시 동대문구 장한로22길 19","0000_2400","501","1123010600_14","동대문안심14","세븐일레븐 동대문경남점","20221118","1123010600_14_S04_402.jpeg"
"1123010600_14_S01","402","1123000000","서울특별시 동대문구","1123010600","장안동","동대문경찰서","02-968-0112","127.06798","37.56753","서울특별시 동대문구 장한로17길 9","0000_2400","501","1123010600_14","동대문안심14","GS25 장안햇살점","20221118","1123010600_14_S01_402.jpeg"
"1132010500_11_S01","402","1132000000","서울특별시 도봉구","1132010500","쌍문동","도봉경찰서","02-2289-9324","127.03527","37.65222","서울특별시 도봉구 도봉로121길 22","","501","1132010500_11","도봉안심11","쌍문정의점","20221118","1132010500_11_S01_402.jpeg"
"1132010500_10_S01","401","1132000000","서울특별시 도봉구","1132010700","창동","도봉구민회관","02-901-5160","127.03869","37.654167","서울특별시 도봉구 도봉로 552(창동 303)","0000_2400","501","1132010500_10","도봉안심10","도봉구민회관","20221118","1132010500_10_S01_401.jpeg"
"1132010800_07_S01","401","1132000000","서울특별시 도봉구","1132010800","도봉동","도봉1동주민센터","02-2091-5123","127.04341","37.67869","서울특별시 도봉구 도봉로169나길 22","0000_2400","501","1132010800_07","도봉안심07","도봉1동주민센터","20221118","1132010800_07_S01_401.jpeg"
"1132010800_07_S02","401","1132000000","서울특별시 도봉구","1132010700","창동","창동역1번출구","02-6110-4121","127.047714","37.653217","서울특별시 도봉구 마들로11길 77","0000_2400","501","1132010800_07","도봉안심07","창동역1번출구","20221118","1132010800_07_S02_401.jpeg"
"1132010600_06_S01","401","1132000000","서울특별시 도봉구","1132010600","방학동","방아골종합사회복지관","02-3491-0500","127.03264","37.66931","서울특별시 도봉구 시루봉로17길 42","0000_2400","501","1132010600_06","도봉안심06","방아골종합사회복지관","20221118","1132010600_06_S01_401.jpeg"
"1132010600_05_S01","402","1132000000","서울특별시 도봉구","1132010600","방학동","세븐일레븐 방학신우점","02-955-0921","127.03303","37.662876","서울특별시 도봉구 방학로길 10","","501","1132010600_05","도봉안심05","402_안내판 빛바램","20220915","1132010600_05_S01_402.jpeg"
"1132010600_03_S02","401","1132000000","서울특별시 도봉구","1132010600","방학동","도봉구민청","02-3494-6476","127.047134","37.668716","서울특별시 도봉구 마들로 656","0000_2400","501","1132010600_03","도봉안심03","도봉구민청","20221118","1132010600_03_S02_401.jpeg"
"1132010600_03_S03","401","1132000000","서울특별시 도봉구","1132010800","도봉동","도봉서원종합사회복지관","02-3494-4755","127.04653","37.669678","서울특별시 도봉구 마들로 668","0000_2400","501","1132010600_03","도봉안심03","도봉서원종합사회복지관","20221118","1132010600_03_S03_401.jpeg"
"1132010600_03_S01","402","1132000000","서울특별시 도봉구","1132010600","방학동","도봉경찰서","02-2289-9324","127.0411","37.66742","서울특별시 도봉구 도당로 133","","501","1132010600_03","도봉안심03","방학명문","20221118","1132010600_03_S01_402.jpeg"
"1132010700_02_S01","402","1132000000","서울특별시 도봉구","1132010700","창동","도봉경찰서","02-2289-9324","127.038765","37.642124","서울특별시 도봉구 덕릉로59아길 30","","501","1132010700_02","도봉안심02","창동푸르지오점","20221118","1132010700_02_S01_402.jpeg"
"1132010700_01_S03","401","1132000000","서울특별시 도봉구","1132010700","창동","염광교회","02-908-9100","127.03743","37.65038","서울특별시 도봉구 도봉로120길 16","0000_2400","501","1132010700_01","도봉안심01","염광교회","20221118","1132010700_01_S03_401.jpeg"
"1132010700_01_S02","401","1132000000","서울특별시 도봉구","1132010700","창동","창3동 주민센터","02-2091-5120","127.04292","37.63809","서울특별시 도봉구 덕릉로62길 89","0000_2400","501","1132010700_01","도봉안심01","창3동 주민센터","20221118","1132010700_01_S02_401.jpeg"
"1132010700_01_S01","401","1132000000","서울특별시 도봉구","1132010700","창동","신창교회","02-990-2750","127.03881","37.639843","서울특별시 도봉구 덕릉로 247(창동 581-2)","0000_2400","501","1132010700_01","도봉안심01","신창교회","20221118","1132010700_01_S01_401.jpeg"
"1135010300_08_S03","401","1135000000","서울특별시 노원구","1135010300","공릉동","스마트큐브","02-2116-3735","127.083046","37.62152","서울특별시 노원구 노원로1나길 10","0000_2400","501","1135010300_08","노원안심08","공릉 청소년문화정보센터","20221118","1135010300_08_S03_401.jpeg"
"1135010300_07_S01","401","1135000000","서울특별시 노원구","1135010300","공릉동","스마트큐브","02-2116-3735","127.07375","37.62478","서울특별시 노원구 동일로186길 3-24","0000_2400","501","1135010300_07","노원안심07","공릉1동 주민센터","20221118","1135010300_07_S01_401.jpeg"
"1135010300_06_S01","402","1135000000","서울특별시 노원구","1135010300","공릉동","CU 공릉마중점","02-977-4007","127.073105","37.62305","서울특별시 노원구 동일로183길 9 ","0000_2400","501","1135010300_06","노원안심06","세븐일레븐 공릉금강점","20220902","1135010300_06_S01_402.jpeg"
"1135010200_05_S01","402","1135000000","서울특별시 노원구","1135010200","월계동","세븐일레븐 광운대후문점","070-8844-0864","127.061066","37.62121","서울특별시 노원구 석계로13길 48","0000_2400","501","1135010200_05","노원안심05","CU 공릉마중점","20220902","1135010200_05_S01_402.jpeg"
"1135010200_05_S03","401","1135000000","서울특별시 노원구","1135010200","월계동","스마트큐브","02-2116-3735","127.061455","37.622814","서울특별시 노원구 석계로 93(월계동 412-8)","0000_2400","501","1135010200_05","노원안심05","월계치안센터","20221118","1135010200_05_S03_401.jpeg"
"1135010200_03_S01","401","1129000000","서울특별시 성북구","1129013800","장위동","성북청소년수련관","02-2241-2572","127.05573","37.617638","서울특별시 성북구 한천로 660-9(장위동 135-2)","0000_2400","501","1135010200_03","노원안심03","성북청소년수련관","20221118","1135010200_03_S01_401.jpeg"
"1114017100_07_S02","402","1114000000","서울특별시 중구","1114017100","중림동","중림파출소","02-2096-8475","126.96525","37.558144","서울특별시 중구 중림로 10 삼성아파트상가 1층 103호","0000_2400","501","1114017100_07","남대문안심07","세븐일레븐 충정로2호점","20221118","1114017100_07_S02_402.jpeg"
"1114017100_07_S03","402","1114000000","서울특별시 중구","1114014600","광희동2가","중부(광희)지구대","02-2233-1444","127.00833","37.564114","서울특별시 중구 광희동2가 퇴계로 330-1","0000_2400","501","1114017100_07","남대문안심07","세븐일레븐 광희이비스점","20221118","1114017100_07_S03_402.jpeg"
"1114017100_07_S01","402","1114000000","서울특별시 중구","1114016200","신당동","중부(광희)지구대","02-2233-1444","127.012024","37.560932","서울특별시 중구 청구로 94(신당동)","0000_2400","501","1114017100_07","남대문안심07","cu청구역점","20221118","1114017100_07_S01_402.jpeg"
"1114012800_04_S01","402","1114000000","서울특별시 중구","1114012300","회현동3가","명동파출소","02-2096-8473","126.98435","37.560505","서울특별시 중구 퇴계로 114-1(회현동3가)","0000_2400","501","1114012800_04","남대문안심04","cu명동화이자점","20221118","1114012800_04_S01_402.jpeg"
"1114012800_04_S02","402","1114000000","서울특별시 중구","1114012900","남산동2가","명동파출소","02-2096-8473","126.98587","37.55871","서울특별시 중구 퇴계로20길 32(남산동2가)","0000_2400","501","1114012800_04","남대문안심04","미니스톱남산점","20221118","1114012800_04_S02_402.jpeg"
"1114012800_04_S03","402","1114000000","서울특별시 중구","1114014200","예장동","중부(충무)파출소","02-2278-7710","126.98822","37.559444","서울특별시 중구 소파로 142(예장동)","0000_2400","501","1114012800_04","남대문안심04","세븐일레븐 남산2호점","20221118","1114012800_04_S03_402.jpeg"
"1154510300_06_S02","401","1154500000","서울특별시 금천구","1154510300","시흥동","서울특별시 금천구청 여성가족과","02-2627-1438","126.9044","37.452667","서울특별시 금천구 금하로 668","0000_2400","501","1154510300_06","금천안심06","금빛휘트니스센터","20221118","1154510300_06_S02_401.jpeg"
"1154510300_06_S04","401","1154500000","서울특별시 금천구","1154510200","독산동","서울특별시 금천구청 여성가족과","02-2627-1438","126.891426","37.452988","서울특별시 금천구 금하로1다길 16","0000_2400","501","1154510300_06","금천안심06","금하마을주민공동이용시설","20221118","1154510300_06_S04_401.jpeg"
"1154510300_06_S01","402","1154500000","서울특별시 금천구","1154510300","시흥동","금천경찰서","02-853-4400","126.904","37.453636","서울특별시 금천구 시흥동 금하로 657 팔삼구빌딩","0000_2400","501","1154510300_06","금천안심06","CU 시흥금빛점","20221118","1154510300_06_S01_402.jpeg"
"1154510300_06_S03","401","1154500000","서울특별시 금천구","1154510300","시흥동","서울특별시 금천구청 여성가족과","02-2627-1438","126.896034","37.457066","서울특별시 금천구 시흥대로73길 70","0000_2400","501","1154510300_06","금천안심06","금천구청","20221118","1154510300_06_S03_401.jpeg"
"1154510200_04_S02","402","1154500000","서울특별시 금천구","1154510200","독산동","금천경찰서","02-853-4400","126.89847","37.469658","서울특별시 금천구 독산동 시흥대로 406","0000_2400","501","1154510200_04","금천안심04","GS25 금천중앙점","20221118","1154510200_04_S02_402.jpeg"
"1154510200_04_S04","401","1154500000","서울특별시 금천구","1154510200","독산동","서울특별시 금천구청 여성가족과","02-2627-1438","126.90645","37.469513","서울특별시 금천구 독산로72길 86-5","0000_2400","501","1154510200_04","금천안심04","금천호암노인복지관","20221118","1154510200_04_S04_401.jpeg"
"1154510200_04_S01","402","1154500000","서울특별시 금천구","1154510200","독산동","금천경찰서","02-853-4400","126.89939","37.47286","서울특별시 금천구 독산동 시흥대로138길 13","0000_2400","501","1154510200_04","금천안심04","CU 독산시장점","20221118","1154510200_04_S01_402.jpeg"
"1154510200_04_S03","402","1154500000","서울특별시 금천구","1154510200","독산동","금천경찰서","02-853-4400","126.90055","37.469254","서울특별시 금천구 독산동 독산로75길 34","0000_2400","501","1154510200_04","금천안심04","GS25 독산우정점","20221118","1154510200_04_S03_402.jpeg"
"1154510200_04_S06","401","1154500000","서울특별시 금천구","1154510200","독산동","서울특별시 금천구청 여성가족과","02-2627-1438","126.89928","37.472168","서울특별시 금천구 시흥대로138길 10-11","0000_2400","501","1154510200_04","금천안심04","청춘삘딩","20221118","1154510200_04_S06_401.jpeg"
"1154510200_04_S05","401","1154500000","서울특별시 금천구","1154510200","독산동","서울특별시 금천구청 여성가족과","02-2627-1438","126.89704","37.47022","서울특별시 금천구 시흥대로123길 11","0000_2400","501","1154510200_04","금천안심04","독산1동주민센터","20221118","1154510200_04_S05_401.jpeg"
"1154510100_03_S01","402","1154500000","서울특별시 금천구","1154510100","가산동","금천경찰서","02-853-4400","126.896095","37.477203","서울특별시 금천구 가산동 시흥대로153길 42","0000_2400","501","1154510100_03 ","금천안심03","CU 가산원룸점","20221118","1154510100_03_S01_402.jpeg"
"1154510100_03_S02","402","1154500000","서울특별시 금천구","1154510200","독산동","금천경찰서","02-853-4400","126.89754","37.474945","서울특별시 금천구 독산동 시흥대로141길 47","0000_2400","501","1154510100_03 ","금천안심03","GS25 금천태양점","20221118","1154510100_03_S02_402.jpeg"
"1154510300_02_S01","401","1154500000","서울특별시 금천구","1154510300","시흥동","서울특별시 금천구청 여성가족과","02-2627-1438","126.9058","37.440258","서울특별시 금천구 시흥대로18길 40","0000_2400","501","1154510300_02","금천안심02","시흥3동 주민센터","20221118","1154510300_02_S01_401.jpeg"
"1154510200_01_S01","401","1154500000","서울특별시 금천구","1154510300","시흥동","서울특별시 금천구청 여성가족과","02-2627-1438","126.90618","37.45898","서울특별시 금천구 독산로36길 14","0000_2400","501","1154510200_01","금천안심01","시흥4동 주민센터","20221118","1154510200_01_S01_401.jpeg"
"1154510200_01_S02","401","1154500000","서울특별시 금천구","1154510200","독산동","서울특별시 금천구청 여성가족과","02-2627-1438","126.90348","37.463146","서울특별시 금천구 독산로 179","0000_2400","501","1154510200_01","금천안심01","독산2동주민센터","20221118","1154510200_01_S02_401.jpeg"
"1153010300_16_S01","402","1153000000","서울특별시 구로구","1153010300","가리봉동","구로경찰서","02-862-0112","126.88752","37.482517","서울특별시 구로구 우마길 1 (가리봉동)","0000_2400","501","1153010300_16","구로안심16","GS25 구로가리봉","20221118","1153010300_16_S01_402.jpeg"
"1153010300_16_S04","401","1153000000","서울특별시 구로구","1153010300","가리봉동","스마트큐브","02-1666-0339","126.88972","37.482533","서울특별시 구로구 우마2길 35","0000_2400","501","1153010300_16","구로안심16","가리봉동주민센터","20221118","1153010300_16_S04_401.jpeg"
"1153010300_16_S02","402","1153000000","서울특별시 구로구","1153010200","구로동","구로경찰서","02-862-0112","126.89241","37.485462","서울특별시 구로구 디지털로31길 53 이앤씨벤처 드림타워5차","0000_2400","501","1153010300_16","구로안심16","CU 구로희망점","20221118","1153010300_16_S02_402.jpeg"
"1153010200_14_S02","402","1153000000","서울특별시 구로구","1153010200","구로동","구로경찰서","02-862-0112","126.89697","37.48053","서울특별시 구로구 디지털로32가길 72(구로동,101호)","0000_2400","501","1153010200_14","구로안심14","GS25 구로문성","20221118","1153010200_14_S02_402.jpeg"
"1153010200_14_S03","401","1153000000","서울특별시 구로구","1153010200","구로동","스마트큐브","02-1666-0339","126.89919","37.48094","서울특별시 구로구 시흥대로 531(구로동 1131-4)","0000_2400","501","1153010200_14","구로안심14","현대오일뱅크 구로셀프점","20221118","1153010200_14_S03_401.jpeg"
"1153010200_14_S01","402","1153000000","서울특별시 구로구","1153010200","구로동","구로경찰서","02-862-0112","126.898575","37.48291","서울특별시 구로구 디지털로32가길 16 파트너스타워2, 103호","0000_2400","501","1153010200_14","구로안심14","CU 구로파트너점","20221118","1153010200_14_S01_402.jpeg"
"1153010800_12_S02","402","1153000000","서울특별시 구로구","1153010800","오류동","구로경찰서","02-862-0112","126.83702","37.497227","서울특별시 구로구 경인로15길 80-4 (오류동)","0000_2400","501","1153010800_12","구로안심12","GS25 오류행운","20221118","1153010800_12_S02_402.jpeg"
"1153010800_12_S01","401","1153000000","서울특별시 구로구","1153010800","오류동","스마트큐브","02-1666-0339","126.83919","37.495476","서울특별시 구로구 경인로15길 22","0000_2400","501","1153010800_12","구로안심12","오류1동텃골공영주차장","20221118","1153010800_12_S01_401.jpeg"
"1153010700_10_S01","402","1153000000","서울특별시 구로구","1153010700","개봉동","구로경찰서","02-862-0112","126.85432","37.498917","서울특별시 구로구 경인로35길 38(개봉동,1층)","0000_2400","501","1153010700_10","구로안심10","GS25 구로경인점","20221118","1153010700_10_S01_402.jpeg"
"1153010200_05_S01","401","1153000000","서울특별시 구로구","1153010200","구로동","스마트큐브","02-1666-0339","126.88656","37.48988","서울특별시 구로구 구로동로26길 54","0000_2400","501","1153010200_05","구로안심05","구로구 시설관리공단","20221118","1153010200_05_S01_401.jpeg"
"1153010200_02_S01","402","1153000000","서울특별시 구로구","1153010200","구로동","구로경찰서","02-862-0112","126.89011","37.503613","서울특별시 구로구 공원로6가길 52(구로동)","0000_2400","501","1153010200_02","구로안심02","GS25 신도림","20221118","1153010200_02_S01_402.jpeg"
"1153010200_01_S01","401","1153000000","서울특별시 구로구","1153010200","구로동","스마트큐브","02-1666-0339","126.8834","37.49132","서울특별시 구로구 구로동로 141","0000_2400","501","1153010200_01","구로안심01","구로2동주민센터앞","20221118","1153010200_01_S01_401.jpeg"
"1121510500_12_S01","401","1121500000","서울특별시 광진구","1121510500","자양동","스마트큐브","02-450-7544","127.06626","37.5341","서울특별시 광진구 뚝섬로26길 58","0000_2400","501","1121510500_12","광진안심12","자양4동 주민센터","20221118","1121510500_12_S01_401.jpeg"
"1121510500_12_S02","401","1121500000","서울특별시 광진구","1121510500","자양동","스마트큐브","02-450-7544","127.06672","37.539402","서울특별시 광진구 아차산로30길 36","0000_2400","501","1121510500_12","광진안심12","동부여성발전센터","20221118","1121510500_12_S02_401.jpeg"
"1121510500_11_S01","402","1121500000","서울특별시 광진구","1121510500","자양동","GS25 건대호수점","1644-5425","127.07679","37.538708","서울특별시 광진구 아차산로39길 16 ","0000_2400","501","1121510500_11","광진안심11","GS25 건대호수점","20220727","1121510500_11_S01_402.jpeg"
"1121510500_10_S01","401","1121500000","서울특별시 광진구","1121510500","자양동","스마트큐브","02-450-7544","127.07523","37.532898","서울특별시 광진구 자양번영로 35","0000_2400","501","1121510500_10","광진안심10","자양종합사회복지관","20221118","1121510500_10_S01_401.jpeg"
"1121510500_09_S01","401","1121500000","서울특별시 광진구","1121510500","자양동","스마트큐브","02-450-7544","127.08439","37.5288","서울특별시 광진구 자양로3가길 26","0000_2400","501","1121510500_09","광진안심09","자양2동주민센터","20221118","1121510500_09_S01_401.jpeg"
"1121510100_08_S01","401","1121500000","서울특별시 광진구","1121510100","중곡동","스마트큐브","02-450-7544","127.09078","37.556965","서울특별시 광진구 긴고랑로36길 56","0000_2400","501","1121510100_08","광진안심08","중곡감리교회","20221118","1121510100_08_S01_401.jpeg"
"1121510100_08_S02","401","1121500000","서울특별시 광진구","1121510300","구의동","스마트큐브","02-450-7544","127.09312","37.553093","서울특별시 광진구 자양로 309","0000_2400","501","1121510100_08","광진안심08","구의2동 공동주차장","20221118","1121510100_08_S02_401.jpeg"
"1121510100_07_S01","401","1121500000","서울특별시 광진구","1121510100","중곡동","스마트큐브","02-450-7544","127.0848","37.56778","서울특별시 광진구 능동로 433(중곡동 168-8)","0000_2400","501","1121510100_07","광진안심07","중곡문화체육센터","20221118","1121510100_07_S01_401.jpeg"
"1121510100_06_S01","401","1121500000","서울특별시 광진구","1121510100","중곡동","스마트큐브","02-450-7544","127.08709","37.559338","서울특별시 광진구 긴고랑로 110","0000_2400","501","1121510100_06","광진안심06","중곡종합건강센터","20221118","1121510100_06_S01_401.jpeg"
"1121510100_05_S01","401","1121500000","서울특별시 광진구","1121510100","중곡동","스마트큐브","02-450-7544","127.080055","37.56067","서울특별시 광진구 긴고랑로12길 49","0000_2400","501","1121510100_05","광진안심05","중곡1동주민센터","20221118","1121510100_05_S01_401.jpeg"
"1121510100_04_S01","401","1121500000","서울특별시 광진구","1121510100","중곡동","스마트큐브","02-450-7544","127.07769","37.56587","서울특별시 광진구 동일로 398","0000_2400","501","1121510100_04","광진안심04","현대오일뱅크 중원점","20221118","1121510100_04_S01_401.jpeg"
"1121510300_02_S02","401","1121500000","서울특별시 광진구","1121510300","구의동","스마트큐브","02-450-7544","127.0839","37.54291","서울특별시 광진구 자양로 167","0000_2400","501","1121510300_02","광진안심02","광진경찰서","20221118","1121510300_02_S02_401.jpeg"
"1121510300_02_S01","401","1121500000","서울특별시 광진구","1121510300","구의동","스마트큐브","02-450-7544","127.08787","37.538277","서울특별시 광진구 자양로18길 78","0000_2400","501","1121510300_02","광진안심02","구의1동 공영주차장","20221118","1121510300_02_S01_401.jpeg"
"1121510700_01_S01","402","1121500000","서울특별시 광진구","1121510700","화양동","웰빙부동산","02-497-2006","127.06672","37.543545","서울 광진구 아차산로25길 47","0000_2400","501","1121510700_01","광진안심01","","20220727","1121510700_01_S01_402.jpeg"
"1121510700_01_S10","401","1121500000","서울특별시 광진구","1121510700","화양동","스마트큐브","02-450-7544","127.07132","37.546535","서울특별시 광진구 능동로17길 39","0000_2400","501","1121510700_01","광진안심01","화양동주민센터","20221118","1121510700_01_S10_401.jpeg"
"1121510700_01_S06","402","1121500000","서울특별시 광진구","1121510700","화양동","현대공인중개사","02-466-0444","127.065704","37.54387","서울특별시 광진구 아차산로21길 43 ","0000_2400","501","1121510700_01","광진안심01","","20220727","1121510700_01_S06_402.jpeg"
"1121510700_01_S05","402","1121500000","서울특별시 광진구","1121510700","화양동","미래공인중개사","02-2205-3444","127.066","37.543934","서울특별시 광진구 동일로24길 13 ","0000_2400","501","1121510700_01","광진안심01","","20220727","1121510700_01_S05_402.jpeg"
"1121510700_01_S04","402","1121500000","서울특별시 광진구","1121510700","화양동","미니스톱 건대현대점","1577-9621","127.065834","37.544","서울특별시 광진구 아차산로21길 47 ","0000_2400","501","1121510700_01","광진안심01","미니스톱 건대현대점","20220727","1121510700_01_S04_402.jpeg"
"1162010200_14_S01","402","1162000000","서울특별시 관악구","1162010200","신림동","관악경찰서","02-876-3021","126.92015","37.474136","서울특별시 관악구 법원단지길 48","0000_2400","501","1162010200_14","관악안심14","GS25 신림법원단지","20221118","1162010200_14_S01_402.jpeg"
"1162010300_21_S01","402","1162000000","서울특별시 관악구","1162010300","남현동","관악경찰서","02-876-3021","126.98043","37.47484","서울특별시 관악구 승방4길 27","0000_2400","501","1162010300_21","관악안심21","GS25 남현번영","20221118","1162010300_21_S01_402.jpeg"
"1162010300_21_S02","402","1162000000","서울특별시 관악구","1162010300","남현동","관악경찰서","02-876-3021","126.98132","37.473923","서울특별시 관악구 승방2길 2","0000_2400","501","1162010300_21","관악안심21","GS25 관악한일","20221118","1162010300_21_S02_402.jpeg"
"1162010300_21_S03","401","1162000000","서울특별시 관악구","1162010300","남현동","스마트큐브","02-1666-0339","126.977875","37.47469","서울특별시 관악구 남현1가길 29","0000_2400","501","1162010300_21","관악안심21","남현동 주민센터","20221118","1162010300_21_S03_401.jpeg"
"1162010200_20_S01","401","1162000000","서울특별시 관악구","1162010200","신림동","스마트큐브","02-1666-0339","126.9078","37.482563","서울특별시 관악구 조원로12길 25","0000_2400","501","1162010200_20","관악안심20","조원동주민센터","20221118","1162010200_20_S01_401.jpeg"
"1162010200_17_S01","402","1162000000","서울특별시 관악구","1162010200","신림동","관악경찰서","02-876-3021","126.9213","37.48274","서울특별시 관악구 남부순환로 1536","0000_2400","501","1162010200_17","관악안심17","CU 관악진우점","20221118","1162010200_17_S01_402.jpeg"
"1162010200_17_S02","401","1162000000","서울특별시 관악구","1162010200","신림동","스마트큐브","02-1666-0339","126.91943","37.48242","서울특별시 관악구 남부순환로 1520(신림동 1571-8)","0000_2400","501","1162010200_17","관악안심17","현대오일뱅크 관악셀프점","20221118","1162010200_17_S02_401.jpeg"
"1162010100_12_S01","402","1162000000","서울특별시 관악구","1162010100","봉천동","관악경찰서","02-876-3021","126.95164","37.48201","서울특별시 관악구 봉천로 466","0000_2400","501","1162010100_12","관악안심12","세븐일레븐 봉천해주점","20221118","1162010100_12_S01_402.jpeg"
"1162010200_09_S06","402","1162000000","서울특별시 관악구","1162010200","신림동","관악경찰서","02-876-3021","126.93353","37.469902","서울특별시 관악구 호암로24길 6","0000_2400","501","1162010200_09","관악안심09","세븐일레븐 신림대학스타점","20221118","1162010200_09_S06_402.jpeg"
"1162010200_09_S09","401","1162000000","서울특별시 관악구","1162010200","신림동","스마트큐브","02-1666-0339","126.93756","37.468575","서울특별시 관악구 대학길 48(신림동 818-20)","0000_2400","501","1162010200_09","관악안심09","대학동치안센터","20221118","1162010200_09_S09_401.jpeg"
"1162010200_09_S08","401","1162000000","서울특별시 관악구","1162010200","신림동","스마트큐브","02-1666-0339","126.93725","37.46768","서울특별시 관악구 대학10길 8-2(신림동 818-64)","0000_2400","501","1162010200_09","관악안심09","신림여성회관","20221118","1162010200_09_S08_401.jpeg"
"1162010200_09_S01","401","1162000000","서울특별시 관악구","1162010200","신림동","스마트큐브","02-1666-0339","126.93524","37.470245","서울특별시 관악구 신림로23길 17","0000_2400","501","1162010200_09","관악안심09","관악청소년회관","20221118","1162010200_09_S01_401.jpeg"
"1162010200_09_S02","402","1162000000","서울특별시 관악구","1162010200","신림동","관악경찰서","02-876-3021","126.93622","37.470448","서울특별시 관악구 호암로26길 47","0000_2400","501","1162010200_09","관악안심09","CU 신림테라스점","20221118","1162010200_09_S02_402.jpeg"
"1162010200_09_S03","401","1162000000","서울특별시 관악구","1162010200","신림동","스마트큐브","02-1666-0339","126.93682","37.47019","서울특별시 관악구 호암로26길 58 대학동 (신림동)","0730_2330","501","1162010200_09","관악안심09","신한은행 신림대학동 지점","20221118","1162010200_09_S03_401.jpeg"
"1162010200_09_S04","402","1162000000","서울특별시 관악구","1162010200","신림동","관악경찰서","02-876-3021","126.93215","37.46775","서울특별시 관악구 호암로20길 1","0000_2400","501","1162010200_09","관악안심09","CU 관악미림점","20221118","1162010200_09_S04_402.jpeg"
"1162010200_09_S05","402","1162000000","서울특별시 관악구","1162010200","신림동","관악경찰서","02-876-3021","126.933304","37.46886","서울특별시 관악구 호암로26가길 43","0000_2400","501","1162010200_09","관악안심09","CU 관악동원점","20221118","1162010200_09_S05_402.jpeg"
"1162010200_09_S07","402","1162000000","서울특별시 관악구","1162010200","신림동","관악경찰서","02-876-3021","126.93574","37.467045","서울특별시 관악구 호암로20길 67","0000_2400","501","1162010200_09","관악안심09","세븐일레븐 관악미림점","20221118","1162010200_09_S07_402.jpeg"
"1162010100_08_S02","402","1162000000","서울특별시 관악구","1162010100","봉천동","관악경찰서","02-876-3021","126.93944","37.48058","서울특별시 관악구 장군봉7길 2","0000_2400","501","1162010100_08","관악안심08","GS25 관악봉림점","20221118","1162010100_08_S02_402.jpeg"
"1162010100_08_S01","402","1162000000","서울특별시 관악구","1162010100","봉천동","관악경찰서","02-876-3021","126.9406","37.48254","서울특별시 관악구 남부순환로 1716","0000_2400","501","1162010100_08","관악안심08","세븐일레븐 봉천남부점","20221118","1162010100_08_S01_402.jpeg"
"1162010200_07_S01","402","1162000000","서울특별시 관악구","1162010200","신림동","관악경찰서","02-876-3021","126.93392","37.484512","서울특별시 관악구 남부순환로 1648","0000_2400","501","1162010200_07","관악안심07","GS25 신림두림점","20221118","1162010200_07_S01_402.jpeg"
"1162010100_05_S01","402","1162000000","서울특별시 관악구","1162010100","봉천동","관악경찰서","02-876-3021","126.962555","37.47815","서울특별시 관악구 솔밭로 5","0000_2400","501","1162010100_05","관악안심05","CU 관악낙성점","20221118","1162010100_05_S01_402.jpeg"
"1162010200_04_S03","401","1162000000","서울특별시 관악구","1162010200","신림동","스마트큐브","02-1666-0339","126.93137","37.47977","서울특별시 관악구 신림로 282(신림동 1641-65)","0000_2400","501","1162010200_04","관악안심04","서원동 주민센터","20221118","1162010200_04_S03_401.jpeg"
"1162010200_04_S01","402","1162000000","서울특별시 관악구","1162010200","신림동","관악경찰서","02-876-3021","126.93181","37.47926","서울특별시 관악구 신림로 274","0000_2400","501","1162010200_04","관악안심04","CU 관악서원점","20221118","1162010200_04_S01_402.jpeg"
"1162010200_04_S02","402","1162000000","서울특별시 관악구","1162010200","신림동","관악경찰서","02-876-3021","126.93215","37.478954","서울특별시 관악구 신림로 270","0000_2400","501","1162010200_04","관악안심04","미니스톱 신림본점","20221118","1162010200_04_S02_402.jpeg"
"1162010100_03_S01","402","1162000000","서울특별시 관악구","1162010100","봉천동","관악경찰서","02-876-3021","126.93617","37.488834","서울특별시 관악구 봉천로21나길 35 1층","0000_2400","501","1162010100_03","관악안심03","GS25 봉천동신점","20221118","1162010100_03_S01_402.jpeg"
"1162010100_03_S02","402","1162000000","서울특별시 관악구","1162010100","봉천동","관악경찰서","02-876-3021","126.935005","37.486706","서울특별시 관악구 봉천로 307","0000_2400","501","1162010100_03","관악안심03","CU 관악보라매점","20221118","1162010100_03_S02_402.jpeg"
"1150010900_23_S01","401","1150000000","서울특별시 강서구","1150010900","방화동","스마트큐브","02-1666-0339","126.813545","37.578735","서울특별시 강서구 금낭화로24길 5","0000_2400","501","1150010900_23","강서안심23","길꽃어린이 도서관","20221118","1150010900_23_S01_401.jpeg"
"1150010900_23_S03","402","1150000000","서울특별시 강서구","1150010900","방화동","강서경찰서","02-2698-7000","126.81398","37.57702","서울특별시 강서구 방화대로47가길 22","0000_2400","501","1150010900_23","강서안심23","세븐일레븐 방화삼익점","20221118","1150010900_23_S03_402.jpeg"
"1150010900_23_S02","402","1150000000","서울특별시 강서구","1150010900","방화동","강서경찰서","02-2698-7000","126.81331","37.57819","서울특별시 강서구 금낭화로 146","0000_2400","501","1150010900_23","강서안심23","세븐일레븐 방화점","20221118","1150010900_23_S02_402.jpeg"
"1150010300_19_S02","401","1150000000","서울특별시 강서구","1150010300","화곡동","스마트큐브","02-1666-0339","126.834724","37.541767","서울특별시 강서구 화곡로15길 40","0000_2400","501","1150010300_19","강서안심19","화곡 3-1 공영주차장","20221118","1150010300_19_S02_401.jpeg"
"1150010300_19_S01","402","1150000000","서울특별시 강서구","1150010300","화곡동","강서경찰서","02-2698-7000","126.836494","37.542744","서울특별시 강서구 화곡로21길 43","0000_2400","501","1150010300_19","강서안심19","CU 화곡대원점","20221118","1150010300_19_S01_402.jpeg"
"1150010200_17_S01","402","1150000000","서울특별시 강서구","1150010200","등촌동","강서경찰서","02-2698-7000","126.861374","37.557087","서울특별시 강서구 양천로 564","0000_2400","501","1150010200_17","강서안심17","CU 등촌두산점","20221118","1150010200_17_S01_402.jpeg"
"1150010300_15_S02","402","1150000000","서울특별시 강서구","1150010300","화곡동","강서경찰서","02-2698-7000","126.84422","37.53259","서울특별시 강서구 강서로17길 29","0000_2400","501","1150010300_15","강서안심15","GS25 화곡까치산점","20221118","1150010300_15_S02_402.jpeg"
"1150010300_15_S01","402","1150000000","서울특별시 강서구","1150010300","화곡동","강서경찰서","02-2698-7000","126.84236","37.532738","서울특별시 강서구 강서로17길 62","0000_2400","501","1150010300_15","강서안심15","세븐일레븐 화곡5호점","20221118","1150010300_15_S01_402.jpeg"
"1150010300_15_S04","401","1150000000","서울특별시 강서구","1150010300","화곡동","스마트큐브","02-1666-0339","126.84833","37.532696","서울특별시 강서구 곰달래로25길 45","0000_2400","501","1150010300_15","강서안심15","화곡8동 주민센터","20221118","1150010300_15_S04_401.jpeg"
"1150010300_15_S03","401","1150000000","서울특별시 강서구","1150010300","화곡동","스마트큐브","02-1666-0339","126.839874","37.53142","서울특별시 강서구 곰달래로15길 28","0000_2400","501","1150010300_15","강서안심15","화곡 1-1 공영주차장","20221118","1150010300_15_S03_401.jpeg"
"1150010800_08_S01","401","1150000000","서울특별시 강서구","1150010800","공항동","스마트큐브","02-1666-0339","126.810074","37.558784","서울특별시 강서구 송정로 45(공항동 60-28)","0000_2400","501","1150010800_08","강서안심08","공항동 주민센터","20221118","1150010800_08_S01_401.jpeg"
"1150010900_07_S01","401","1150000000","서울특별시 강서구","1150010500","마곡동","스마트큐브","02-1666-0339","126.81784","37.566948","서울특별시 강서구 마곡서1로 111-12","0000_2400","501","1150010900_07","강서안심07","신방화역환승주차장","20221118","1150010900_07_S01_401.jpeg"
"1150010300_06_S01","402","1150000000","서울특별시 강서구","1150010300","화곡동","강서경찰서","02-2698-7000","126.856026","37.536293","서울특별시 강서구 곰달래로53길 121","0000_2400","501","1150010300_06","강서안심06","CU 화곡영광점","20221118","1150010300_06_S01_402.jpeg"
"1150010300_06_S02","402","1150000000","서울특별시 강서구","1150010300","화곡동","강서경찰서","02-2698-7000","126.85938","37.5372","서울특별시 강서구 등촌로13길 90","0000_2400","501","1150010300_06","강서안심06","세븐일레븐 화곡행복점","20221118","1150010300_06_S02_402.jpeg"
"1150010300_06_S03","401","1150000000","서울특별시 강서구","1150010300","화곡동","스마트큐브","02-1666-0339","126.8608","37.534683","서울특별시 강서구 곰달래로57가길 26","0000_2400","501","1150010300_06","강서안심06","화곡4동 주민센터","20221118","1150010300_06_S03_401.jpeg"
"1150010300_05_S01","402","1150000000","서울특별시 강서구","1150010300","화곡동","강서경찰서","02-2698-7000","126.850136","37.53523","서울특별시 강서구 강서로18바길 2","0000_2400","501","1150010300_05","강서안심05","GS25 화곡비전점","20221118","1150010300_05_S01_402.jpeg"
"1150010300_05_S02","401","1150000000","서울특별시 강서구","1150010300","화곡동","스마트큐브","02-1666-0339","126.854515","37.53184","서울특별시 강서구 곰달래로37길 13","0000_2400","501","1150010300_05","강서안심05","화곡2동 주민센터","20221118","1150010300_05_S02_401.jpeg"
"1150010300_02_S01","402","1150000000","서울특별시 강서구","1150010300","화곡동","강서경찰서","02-2698-7000","126.84507","37.545082","서울특별시 강서구 초록마을로 3","0000_2400","501","1150010300_02","강서안심02","세븐일레븐 화곡제일점","20221118","1150010300_02_S01_402.jpeg"
"1150010300_02_S02","401","1150000000","서울특별시 강서구","1150010300","화곡동","스마트큐브","02-1666-0339","126.84432","37.541817","서울특별시 강서구 까치산로4길 22","0000_2400","501","1150010300_02","강서안심02","볏골공원공원주차장","20221118","1150010300_02_S02_401.jpeg"
"1130510100_23_S01","401","1130500000","서울특별시 강북구","1130510100","미아동","서울특별시 강북구 여성가족과","02-901-6693","127.02698","37.62709","서울특별시 강북구 솔매로49길 14","0000_2400","501","1130510100_23","강북안심23","미아동 복합청사","20221118","1130510100_23_S01_401.jpeg"
"1130510200_21_S01","401","1132000000","서울특별시 도봉구","1132010700","창동","창동 도봉육아종합지원센터","02-994-3341","127.04112","37.63355","서울특별시 도봉구 우이천로4길 24-5","0000_2400","501","1130510200_21","강북안심21","창동 도봉육아종합지원센터","20221118","1130510200_21_S01_401.jpeg"
"1130510200_20_S01","402","1130500000","서울특별시 강북구","1130510200","번동","강북경찰서","1566-0112","127.02582","37.636707","서울특별시 강북구 오패산로77길 17","0000_2400","501","1130510200_20","강북안심20","미니스톱 수유사랑점","20221118","1130510200_20_S01_402.jpeg"
"1130510200_20_S02","401","1130500000","서울특별시 강북구","1130510200","번동","서울특별시 강북구 여성가족과","02-901-6693","127.03034","37.636234","서울특별시 강북구 한천로123길 26","0000_2400","501","1130510200_20","강북안심20","번동북부시장 북부마트","20221118","1130510200_20_S02_401.jpeg"
"1130510200_18_S01","401","1130500000","서울특별시 강북구","1130510300","수유동","서울특별시 강북구 여성가족과","02-901-6693","127.026215","37.63826","서울특별시 강북구 도봉로 338","0000_2400","501","1130510200_18","강북안심18","수유역1번출구","20221118","1130510200_18_S01_401.jpeg"
"1130510300_17_S01","401","1130500000","서울특별시 강북구","1130510300","수유동","서울특별시 강북구 여성가족과","02-901-6693","127.01388","37.64099","서울특별시 강북구 삼각산로 85","0000_2400","501","1130510300_17","강북안심17","강북문화예술회관","20221118","1130510300_17_S01_401.jpeg"
"1130510300_15_S01","401","1130500000","서울특별시 강북구","1130510300","수유동","서울특별시 강북구 여성가족과","02-901-6693","127.01875","37.63569","서울특별시 강북구 삼양로92길 40","0000_2400","501","1130510300_15","강북안심15","강북노인종합복지관","20221118","1130510300_15_S01_401.jpeg"
"1130510300_14_S01","403","1130500000","서울특별시 강북구","1130510300","수유동","수유3파출소","02-944-4154","127.02375","37.638096","서울특별시 강북구 노해로8길","","501","1130510300_14","강북안심14","403_자율방범연합대 건물","20221006","1130510300_14_S01_403.jpeg"
"1130510300_14_S03","402","1130500000","서울특별시 강북구","1130510300","수유동","강북경찰서","1566-0112","127.023476","37.63644","서울특별시 강북구 도봉로 313","0000_2400","501","1130510300_14","강북안심14","미니스톱 수유인텔리안점","20221118","1130510300_14_S03_402.jpeg"
"1130510300_14_S02","402","1130500000","서울특별시 강북구","1130510300","수유동","강북경찰서","1566-0112","127.02228","37.636356","서울특별시 강북구 수유로 79","0000_2400","501","1130510300_14","강북안심14","미니스톱 수유대한점","20221118","1130510300_14_S02_402.jpeg"
"1130510300_14_S04","401","1130500000","서울특별시 강북구","1130510300","수유동","서울특별시 강북구 여성가족과","02-901-6693","127.02545","37.639187","서울특별시 강북구 도봉로89길 13","0000_2400","501","1130510300_14","강북안심14","강북구청 본관 입구","20221118","1130510300_14_S04_401.jpeg"
"1130510300_12_S01","402","1130500000","서울특별시 강북구","1130510200","번동","강북경찰서","1566-0112","127.02963","37.641357","서울특별시 강북구 도봉로 388","0000_2400","501","1130510300_12","강북안심12","세븐일레븐 수유테마점 B","20221118","1130510300_12_S01_402.jpeg"
"1130510400_11_S01","401","1130500000","서울특별시 강북구","1130510400","우이동","서울특별시 강북구 여성가족과","02-901-6693","127.01225","37.65301","서울특별시 강북구 삼양로 561","0000_2400","501","1130510400_11","강북안심11","솔밭근린공원 개방화장실","20221118","1130510400_11_S01_401.jpeg"
"1130510300_10_S01","402","1130500000","서울특별시 강북구","1130510300","수유동","강북경찰서","1566-0112","127.0134","37.6473","서울특별시 강북구 4.19로1길 16","0000_2400","501","1130510300_10","강북안심10","CU 수유행복점","20221118","1130510300_10_S01_402.jpeg"
"1130510300_09_S01","402","1130500000","서울특별시 강북구","1130510300","수유동","강북경찰서","1566-0112","127.022415","37.645252","서울특별시 강북구 노해로27길 21","0000_2400","501","1130510300_09","강북안심09","GS25 수유광산점","20221118","1130510300_09_S01_402.jpeg"
"1130510300_08_S01","402","1130500000","서울특별시 강북구","1130510300","수유동","강북경찰서","1566-0112","127.021736","37.633553","서울특별시 강북구 도봉로77길 25","0000_2400","501","1130510300_08","강북안심08","세븐일레븐 수유본점","20221118","1130510300_08_S01_402.jpeg"
"1130510300_08_S02","402","1130500000","서울특별시 강북구","1130510300","수유동","강북경찰서","1566-0112","127.023735","37.633537","서울특별시 강북구 도봉로 282","0000_2400","501","1130510300_08","강북안심08","세븐일레븐 수유으뜸점","20221118","1130510300_08_S02_402.jpeg"
"1130510100_07_S01","401","1130500000","서울특별시 강북구","1130510300","수유동","서울특별시 강북구 여성가족과","02-901-6693","127.017555","37.63005","서울특별시 강북구 삼양로 299","0000_2400","501","1130510100_07","강북안심07","수유1동 주민센터","20221118","1130510100_07_S01_401.jpeg"
"1130510100_04_S01","401","1130500000","서울특별시 강북구","1130510100","미아동","서울특별시 강북구 여성가족과","02-901-6693","127.03021","37.614017","서울특별시 강북구 도봉로 50(미아동 66-1)","0000_2400","501","1130510100_04","강북안심04","미아사거리역 1번출구","20221118","1130510100_04_S01_401.jpeg"
"1130510300_03_S01","402","1130500000","서울특별시 강북구","1130510100","미아동","강북경찰서","1566-0112","127.02574","37.62603","서울특별시 강북구 솔매로 124","0000_2400","501","1130510300_03","강북안심03","씨스페이스 미아3점","20221118","1130510300_03_S01_402.jpeg"
"1130510100_02_S01","402","1130500000","서울특별시 강북구","1130510100","미아동","강북경찰서","1566-0112","127.02437","37.633034","서울특별시 강북구 도봉로76길 11","0000_2400","501","1130510100_02","강북안심02","세븐일레븐 수유제일점 B","20221118","1130510100_02_S01_402.jpeg"
"1174010800_09_S04","401","1174000000","서울특별시 강동구","1174010800","성내동","성내1동 주민센터","02-3425-7760","127.12246","37.53048","서울특별시 강동구 성내로 13","0000_2400","501","1174010800_09","강동안심09","성내1동 주민센터","20221118","1174010800_09_S04_401.jpeg"
"1174010800_09_S02","402","1174000000","서울특별시 강동구","1174010800","성내동","성내지구대","02-3449-7834","127.12545","37.534718","서울특별시 강동구 천호옛12길 18","0000_2400","501","1174010800_09","강동안심09","CU 성내새빛점","20221118","1174010800_09_S02_402.jpeg"
"1174010700_06_S01","402","1174000000","서울특별시 강동구","1174010700","암사동","암사지구대","02-3449-7824","127.13203","37.552162","서울특별시 강동구 고덕로20마길 29","0000_2400","501","1174010700_06","강동안심06","GS25 강동암사","20221118","1174010700_06_S01_402.jpeg"
"1174010700_06_S02","402","1174000000","서울특별시 강동구","1174010700","암사동","암사지구대","02-3449-7824","127.13285","37.548927","서울특별시 강동구 구천면로47가길 33","0000_2400","501","1174010700_06","강동안심06","GS25 암사햇살","20221118","1174010700_06_S02_402.jpeg"
"1174010700_06_S04","401","1174000000","서울특별시 강동구","1174010700","암사동","강동구립암사도서관","02-429-0476","127.13337","37.552834","서울특별시 강동구 고덕로20길 42","0000_2400","501","1174010700_06","강동안심06","강동구립암사도서관","20221118","1174010700_06_S04_401.jpeg"
"1174010500_05_S01","402","1174000000","서울특별시 강동구","1174010500","길동","길동지구대","02-3449-7814","127.13931","37.536808","서울특별시 강동구 양재대로1465","0000_2400","501","1174010500_05","강동안심05","CU 길동마루","20221118","1174010500_05_S01_402.jpeg"
"1174010500_03_S01","402","1174000000","서울특별시 강동구","1174010500","길동","길동지구대","02-3449-7814","127.13874","37.53823","서울특별시 강동구 양재대로113길 22","0000_2400","501","1174010500_03","강동안심03","세븐일레븐 강동길동점","20221118","1174010500_03_S01_402.jpeg"
"1174010900_02_S01","402","1174000000","서울특별시 강동구","1174010900","천호동","천호지구대","02-3449-7804","127.130356","37.542324","서울특별시 강동구 구천면로33길 11","0000_2400","501","1174010900_02","강동안심02","CU 천호고분","20221118","1174010900_02_S01_402.jpeg"
"1174010100_14_S01","402","1174000000","서울특별시 강동구","1174010500","길동","길동지구대","02-3449-7814","127.147575","37.54333","서울특별시 강동구 명일로275","0000_2400","501","1174010100_14","강동안심14","GS25 길동삼익","20221118","1174010100_14_S01_402.jpeg"
"1174010100_14_S02","402","1174000000","서울특별시 강동구","1174010100","명일동","명일파출소","02-3449-7844","127.14546","37.54451","서울특별시 강동구 양재대로128길 47","0000_2400","501","1174010100_14","강동안심14","세븐일레븐 명일삼익점","20221118","1174010100_14_S02_402.jpeg"
"1174010100_14_S03","401","1174000000","서울특별시 강동구","1174010900","천호동","강동구민회관","02-488-5542","127.14122","37.54573","서울특별시 강동구 상암로 168","0000_2400","501","1174010100_14","강동안심14","강동구민회관","20221118","1174010100_14_S03_401.jpeg"
"1174010900_01_S01","402","1174000000","서울특별시 강동구","1174010900","천호동","천호지구대","02-3449-7804","127.123314","37.539745","서울특별시 강동구 올림픽로 651","0000_2400","501","1174010900_01","강동안심01","GS25 천호역","20221118","1174010900_01_S01_402.jpeg"
"1174010900_01_S02","402","1174000000","서울특별시 강동구","1174010900","천호동","천호지구대","02-3449-7804","127.12354","37.540306","서울특별시 강동구 올림픽로659","0000_2400","501","1174010900_01","강동안심01","세븐일레븐 천호쌍용점","20221118","1174010900_01_S02_402.jpeg"
"1174010900_01_S04","401","1174000000","서울특별시 강동구","1174010900","천호동","2001아울렛천호점","02-426-2001","127.125534","37.54159","서울특별시 강동구 구천면로 189","0000_2400","501","1174010900_01","강동안심01","2001아울렛천호점","20221118","1174010900_01_S04_401.jpeg"
"1174010900_01_S03","402","1174000000","서울특별시 강동구","1174010900","천호동","천호지구대","02-3449-7804","127.124084","37.53986","서울특별시 강동구 올림픽로 654","0000_2400","501","1174010900_01","강동안심01","세븐일레븐 천호역점","20221118","1174010900_01_S03_402.jpeg"
"1174010900_01_S05","401","1174000000","서울특별시 강동구","1174010900","천호동","강동구립해공도서관","02-478-9656","127.12556","37.544033","서울특별시 강동구 올림픽로 702","0000_2400","501","1174010900_01","강동안심01","강동구립해공도서관","20221118","1174010900_01_S05_401.jpeg"
"1168010800_05_S01","402","1168000000","서울특별시 강남구","1168010100","역삼동","강남경찰서","02-557-7000","127.04081","37.507004","서울특별시 강남구 언주로104길 6","0000_2400","501","1168010800_05","강남안심05","CU 역삼사랑점","20221118","1168010800_05_S01_402.jpeg"
"1168010800_05_S06","402","1168000000","서울특별시 강남구","1168010100","역삼동","강남경찰서","02-557-7000","127.0401","37.507828","서울특별시 강남구 언주로108길 6 (역삼1동 688-1)","0000_2400","501","1168010800_05","강남안심05","GS25 역삼제일점","20221118","1168010800_05_S06_402.jpeg"
"1168010800_05_S07","402","1168000000","서울특별시 강남구","1168010100","역삼동","강남경찰서","02-557-7000","127.03544","37.505604","서울특별시 강남구 봉은사로30길 28","0000_2400","501","1168010800_05","강남안심05","미니스톱 역삼충현점","20221118","1168010800_05_S07_402.jpeg"
"1168010800_05_S02","402","1168000000","서울특별시 강남구","1168010100","역삼동","강남경찰서","02-557-7000","127.04152","37.504333","서울특별시 강남구 언주로517","0000_2400","501","1168010800_05","강남안심05","세븐일레븐 KT강남점","20221118","1168010800_05_S02_402.jpeg"
"1168010800_05_S03","402","1168000000","서울특별시 강남구","1168010100","역삼동","강남경찰서","02-557-7000","127.03964","37.50492","서울특별시 강남구 테헤란로37길 41 (역삼1동 673-18)","0000_2400","501","1168010800_05","강남안심05","GS25 역삼프라임점","20221118","1168010800_05_S03_402.jpeg"
"1168010800_05_S04","402","1168000000","서울특별시 강남구","1168010100","역삼동","강남경찰서","02-557-7000","127.034134","37.504307","서울특별시 강남구 테헤란로25길 59","0000_2400","501","1168010800_05","강남안심05","CU 역삼하나점","20221118","1168010800_05_S04_402.jpeg"
"1168010800_05_S05","402","1168000000","서울특별시 강남구","1168010100","역삼동","강남경찰서","02-557-7000","127.03364","37.505405","서울특별시 강남구 봉은사로26길 26 (역삼동 608-12)","0000_2400","501","1168010800_05","강남안심05","GS25 역삼소망점","20221118","1168010800_05_S05_402.jpeg"
"1168010800_03_S01","402","1165000000","서울특별시 서초구","1165010700","반포동","서초경찰서","02-532-0112","127.02277","37.50635","서울특별시 서초구 사평대로57길 44","0000_2400","501","1168010800_03","강남안심03","세븐일레븐 서초반포점","20221118","1168010800_03_S01_402.jpeg"
"1168010500_20_S01","402","1168000000","서울특별시 강남구","1168010500","삼성동","강남경찰서","02-557-7000","127.055756","37.51082","서울특별시 강남구 삼성로104길 12","0000_2400","501","1168010500_20","강남안심20","미니스톱 삼성베스트점","20221118","1168010500_20_S01_402.jpeg"
"1168010500_20_S02","402","1168000000","서울특별시 강남구","1168010500","삼성동","강남경찰서","02-557-7000","127.051544","37.51074","서울특별시 강남구 삼성로107길 31, 1층 (삼성동 123-4)","0000_2400","501","1168010500_20","강남안심20","GS25 삼성그린점","20221118","1168010500_20_S02_402.jpeg"
"1168010800_19_S04","402","1168000000","서울특별시 강남구","1168010800","논현동","강남경찰서","02-557-7000","127.028305","37.505917","서울특별시 강남구 봉은사로 129","0000_2400","501","1168010800_19","강남안심19","세븐일레븐 거평타운점 B","20221118","1168010800_19_S04_402.jpeg"
"1168010800_19_S05","402","1168000000","서울특별시 강남구","1168010800","논현동","강남경찰서","02-557-7000","127.0321","37.510532","서울특별시 강남구 논현로 639","0000_2400","501","1168010800_19","강남안심19","미니스톱 논현힐탑점","20221118","1168010800_19_S05_402.jpeg"
"1168010800_19_S03","402","1168000000","서울특별시 강남구","1168010800","논현동","강남경찰서","02-557-7000","127.02899","37.50674","서울특별시 강남구 봉은사로11길 12","0000_2400","501","1168010800_19","강남안심19","GS25 논현이편한점","20221118","1168010800_19_S03_402.jpeg"
"1168010800_19_S01","402","1168000000","서울특별시 강남구","1168010100","역삼동","강남경찰서","02-557-7000","127.02673","37.501926","서울특별시 강남구 강남대로102길 11","0000_2400","501","1168010800_19","강남안심19","세븐일레븐 역삼8호점","20221118","1168010800_19_S01_402.jpeg"
"1168010100_18_S01","402","1168000000","서울특별시 강남구","1168010800","논현동","강남경찰서","02-557-7000","127.04268","37.510155","서울특별시 강남구 봉은사로 327","0000_2400","501","1168010100_18","강남안심18","미니스톱 논현삼릉역점","20221118","1168010100_18_S01_402.jpeg"
"1168010700_17_S01","402","1168000000","서울특별시 강남구","1168010700","신사동","강남경찰서","02-557-7000","127.02899","37.526314","서울특별시 강남구 압구정로30길 18","0000_2400","501","1168010700_17","강남안심17","미니스톱 신사증권점","20221118","1168010700_17_S01_402.jpeg"
"1168010700_17_S02","402","1168000000","서울특별시 강남구","1168010700","신사동","강남경찰서","02-557-7000","127.030106","37.527206","서울특별시 강남구 논현로176길 20","0000_2400","501","1168010700_17","강남안심17","CU 신사현대점","20221118","1168010700_17_S02_402.jpeg"
"1168010700_15_S01","402","1168000000","서울특별시 강남구","1168010700","신사동","강남경찰서","02-557-7000","127.02443","37.52052","서울특별시 강남구 논현로153길 46(신사동 555-13)","0000_2400","501","1168010700_15","강남안심15","GS25 신사초롱점","20221118","1168010700_15_S01_402.jpeg"
"1168010500_11_S01","402","1168000000","서울특별시 강남구","1168010500","삼성동","강남경찰서","02-557-7000","127.044716","37.510822","서울특별시 강남구 봉은사로 409","0000_2400","501","1168010500_11","강남안심11","CU 선정릉역점","20221118","1168010500_11_S01_402.jpeg"